,l1,l2,l3,l4,l5,l6,l7,l8,l9,l10,l11,l12,l13,l14,l15,l16,l17,m1,m2,m3,m4,m5,m6,m7,m8,m9,m10,m11,m12,m13,m14,m15,m16,m17,q1,q2,q3,q4,q5,q6,q7,nu,eta,prior,lhood
1.0,0.11832,0.11763,0.11747,0.11809,0.11719,0.12201,0.11363,0.10709,0.11418,0.11133,0.11169,0.11511,0.11242,0.11508,0.11462,0.11564,0.11914,0.09871,0.09936,0.09002,0.09912,0.10093,0.10508,0.10131,0.10923,0.10302,0.10474,0.10287,0.10431,0.09987,0.10012,0.10114,0.10288,0.09784,0.58818,0.23167,0.82957,0.29959,0.51434,0.24428,0.79623,0.1,0.7814161543159162,118.86434768622392,-316.31712199528295
2.0,0.11832,0.11763,0.11747,0.11809,0.11719,0.12201,0.11363,0.10709,0.10202,0.11133,0.11169,0.11511,0.11242,0.11508,0.11462,0.11564,0.11914,0.09871,0.09936,0.09002,0.09912,0.10093,0.10508,0.10131,0.10923,0.11037,0.10474,0.10287,0.10431,0.09987,0.10012,0.10114,0.10288,0.09784,0.58818,0.07406,0.82957,0.29959,0.37674,0.24428,0.58438,0.1,0.7814161543159162,117.87950719691433,-309.18228180746996
3.0,0.11832,0.11763,0.11747,0.11809,0.11719,0.12201,0.11363,0.10709,0.10202,0.11133,0.11169,0.11511,0.11242,0.11174,0.11462,0.11564,0.11914,0.09871,0.09936,0.09002,0.09912,0.10093,0.10508,0.10131,0.10923,0.11037,0.10474,0.10287,0.10431,0.09987,0.09572,0.10114,0.10288,0.09784,0.51341,0.04419,0.55110,0.14033,0.50194,0.29250,0.58438,0.1,0.914688630881219,117.78012192163551,-299.88097883126295
4.0,0.11832,0.11763,0.11747,0.12797,0.11719,0.12201,0.11363,0.10709,0.10202,0.11133,0.11169,0.11511,0.11242,0.11174,0.11462,0.11564,0.11914,0.09871,0.09936,0.09002,0.09068,0.10093,0.10508,0.10131,0.10923,0.11037,0.10474,0.10287,0.10431,0.09987,0.09572,0.10114,0.10288,0.09784,0.51341,0.02863,0.36659,0.06751,0.12374,0.08803,0.45878,0.1,0.839684368346068,117.50603710034973,-292.9572200318582
5.0,0.11832,0.11763,0.11747,0.11435,0.11719,0.12201,0.11363,0.10709,0.10202,0.11133,0.11169,0.11511,0.11242,0.11174,0.11462,0.11564,0.11914,0.09871,0.09936,0.09002,0.09455,0.10093,0.10508,0.10131,0.10923,0.11037,0.10474,0.10287,0.10431,0.09987,0.09572,0.10114,0.10288,0.09784,0.30910,0.02863,0.54887,0.07247,0.24298,0.08803,0.45691,0.1,0.9568531718092501,117.84351023948888,-292.0070216754794
6.0,0.11832,0.11763,0.11747,0.11435,0.11719,0.12201,0.11363,0.10709,0.10202,0.11133,0.11169,0.11511,0.11242,0.11174,0.11462,0.11564,0.11914,0.09871,0.09936,0.09002,0.09455,0.10093,0.10508,0.10131,0.10923,0.11037,0.10474,0.10287,0.10431,0.09987,0.09572,0.10114,0.10288,0.09784,0.14161,0.02863,0.40335,0.07115,0.24298,0.08803,0.42790,0.1,0.9476891963075001,117.84351023948888,-287.39404222639314
7.0,0.11832,0.11763,0.11747,0.11435,0.11719,0.12201,0.11363,0.10709,0.10202,0.11133,0.11169,0.11511,0.11242,0.11174,0.11462,0.11564,0.11914,0.09871,0.09936,0.09002,0.09455,0.10093,0.10508,0.10131,0.10923,0.11037,0.10474,0.10287,0.10431,0.09987,0.09572,0.10114,0.10288,0.09784,0.14161,0.05347,0.40335,0.24687,0.24298,0.05376,0.38287,0.1,0.9476891963075001,117.84351023948888,-287.2016593905885
8.0,0.11832,0.11763,0.11747,0.11435,0.11719,0.12201,0.11363,0.10709,0.10202,0.11133,0.11169,0.11511,0.11242,0.11174,0.11462,0.11564,0.11914,0.09871,0.09936,0.09002,0.09455,0.10093,0.10508,0.10131,0.10923,0.11037,0.10474,0.10287,0.10431,0.09987,0.09572,0.10114,0.10288,0.09784,0.07083,0.01070,0.27149,0.25758,0.34789,0.05376,0.12381,0.1,0.9476891963075001,117.84351023948888,-285.43082281709104
9.0,0.11832,0.11763,0.11747,0.11435,0.11719,0.12201,0.11363,0.10709,0.10202,0.11133,0.11169,0.11511,0.11242,0.11174,0.11462,0.11564,0.11914,0.09871,0.09936,0.09002,0.09455,0.10093,0.10508,0.10131,0.10923,0.11037,0.10474,0.10287,0.10431,0.09987,0.09572,0.10114,0.10288,0.09784,0.07083,0.01070,0.40524,0.39122,0.34789,0.04325,0.12381,0.1,0.8517872821900268,117.84351023948888,-286.3261843050864
10.0,0.11832,0.11763,0.11747,0.11435,0.11719,0.12201,0.11363,0.10709,0.10202,0.11133,0.11169,0.11511,0.11242,0.11174,0.11462,0.11564,0.11914,0.09871,0.09936,0.09002,0.09455,0.10093,0.10508,0.10131,0.10923,0.11037,0.10474,0.10287,0.10431,0.09987,0.09572,0.10114,0.10288,0.09784,0.07083,0.01070,0.09678,0.22782,0.34789,0.04325,0.20756,0.1,0.8118539655196115,117.84351023948888,-284.0858498715556
11.0,0.11832,0.11763,0.11747,0.11435,0.11719,0.12201,0.11363,0.10709,0.10202,0.11133,0.11169,0.11511,0.11242,0.11174,0.11462,0.11564,0.11914,0.09871,0.09936,0.09002,0.09455,0.10093,0.10508,0.10131,0.10923,0.11037,0.10474,0.10287,0.10431,0.09987,0.09572,0.10114,0.10288,0.09784,0.09565,0.01070,0.33842,0.22782,0.36246,0.06659,0.35432,0.1,0.8337634549279296,117.84351023948888,-284.82013376704225
12.0,0.11832,0.11763,0.11747,0.11435,0.11719,0.12201,0.11363,0.10709,0.10202,0.11133,0.11169,0.11511,0.11242,0.11174,0.11462,0.11564,0.11914,0.09871,0.09936,0.09002,0.09455,0.10093,0.10508,0.10131,0.10923,0.11037,0.10474,0.10287,0.10431,0.09987,0.09572,0.10114,0.10288,0.09784,0.09565,0.01070,0.29186,0.01603,0.23449,0.06659,0.37035,0.1,0.8337634549279296,117.84351023948888,-284.75014088253687
13.0,0.11832,0.11763,0.11747,0.11435,0.11719,0.12201,0.11363,0.10709,0.10202,0.11133,0.11169,0.11511,0.11242,0.11174,0.11462,0.11564,0.11914,0.09871,0.09936,0.09002,0.09455,0.10093,0.10508,0.10131,0.10923,0.11037,0.10474,0.10287,0.10431,0.09987,0.09572,0.10114,0.10288,0.09784,0.09565,0.20803,0.11233,0.06671,0.60137,0.07100,0.14246,0.1,0.8362875982553307,117.84351023948888,-286.2193239011858
14.0,0.11832,0.11763,0.11747,0.11435,0.11719,0.12201,0.11363,0.10709,0.10202,0.11133,0.11169,0.11511,0.11242,0.11174,0.11462,0.11564,0.11914,0.09871,0.09936,0.09002,0.09455,0.10093,0.10508,0.10131,0.10923,0.11037,0.10474,0.10287,0.10431,0.09987,0.09572,0.10114,0.10288,0.09784,0.04923,0.32385,0.07063,0.12717,0.60607,0.00985,0.44619,0.1,0.8941446510816968,117.84351023948888,-285.27837937311904
15.0,0.07596,0.07527,0.07511,0.07199,0.07483,0.07291,0.07127,0.06473,0.05966,0.06897,0.06933,0.07275,0.07006,0.06938,0.07226,0.07328,0.07678,0.16959,0.17024,0.16090,0.16543,0.17181,0.17310,0.17219,0.18011,0.18125,0.17562,0.17375,0.17519,0.17075,0.16660,0.17202,0.17376,0.16872,0.04923,0.12654,0.07063,0.22920,0.60607,0.00985,0.44619,0.1,0.8941446510816968,115.20797269623331,-279.8325162155568
16.0,0.07596,0.07527,0.07511,0.07199,0.07483,0.07291,0.07127,0.06473,0.05966,0.06897,0.06933,0.07275,0.07006,0.06938,0.07226,0.07328,0.07678,0.16959,0.17024,0.16090,0.16543,0.17181,0.17310,0.17219,0.18011,0.18125,0.17562,0.17375,0.17519,0.17075,0.16660,0.17202,0.17376,0.16872,0.18640,0.17063,0.11023,0.37420,0.46238,0.00985,0.62453,0.1,0.8941446510816968,115.20797269623331,-280.9134763643661
17.0,0.07596,0.07527,0.07511,0.07199,0.07483,0.07291,0.07127,0.06473,0.05966,0.06897,0.06933,0.07275,0.07006,0.06938,0.07226,0.07328,0.07678,0.16959,0.17024,0.16090,0.16543,0.17181,0.17310,0.17219,0.18011,0.18125,0.17562,0.17375,0.17519,0.17075,0.16660,0.17202,0.17376,0.16872,0.24459,0.14029,0.20186,0.37420,0.69823,0.01161,0.62453,0.1,0.7786611555524312,115.20797269623331,-282.0302524767749
18.0,0.07596,0.07527,0.07511,0.07199,0.07483,0.07291,0.07127,0.06473,0.05966,0.06897,0.06933,0.07275,0.07006,0.06938,0.07226,0.07328,0.07678,0.16959,0.17024,0.16090,0.16543,0.17181,0.17310,0.17219,0.18011,0.18125,0.17562,0.17375,0.17519,0.17075,0.16660,0.17202,0.17376,0.16872,0.24459,0.03884,0.12523,0.37420,0.69823,0.04663,0.70701,0.1,0.9049523943825815,115.20797269623331,-283.20247585719505
19.0,0.07596,0.07527,0.07511,0.07199,0.07483,0.07291,0.07127,0.06473,0.05966,0.06897,0.06933,0.07275,0.07006,0.06938,0.07226,0.07328,0.07678,0.16959,0.17024,0.16090,0.16543,0.17181,0.17310,0.17219,0.18011,0.18125,0.17562,0.17375,0.17519,0.17075,0.16660,0.17202,0.17376,0.16872,0.00059,0.05202,0.13697,0.04226,0.81847,0.04663,0.55315,0.1,0.9049523943825815,115.20797269623331,-283.0801951307523
20.0,0.07596,0.07527,0.07511,0.07199,0.07483,0.07291,0.07127,0.06473,0.05966,0.06897,0.06933,0.07275,0.07006,0.06938,0.07226,0.07328,0.07678,0.16959,0.17024,0.16090,0.16543,0.17181,0.17310,0.17219,0.18011,0.18125,0.17562,0.17375,0.17519,0.17075,0.16660,0.17202,0.17376,0.16872,0.17146,0.05202,0.13697,0.18123,0.71044,0.00059,0.80947,0.1,0.9340293618106188,115.20797269623331,-283.0545850155292
21.0,0.07596,0.07527,0.07511,0.07199,0.07483,0.07291,0.07127,0.06473,0.05966,0.06897,0.06933,0.07275,0.07006,0.06938,0.07226,0.07328,0.07678,0.16959,0.17024,0.16090,0.16543,0.17181,0.17310,0.17219,0.18011,0.18125,0.17562,0.17375,0.17519,0.17075,0.16660,0.17202,0.17376,0.16872,0.17146,0.06192,0.14489,0.30890,0.71044,0.00059,0.80947,0.1,0.9196851478569464,115.20797269623331,-282.51641320304196
22.0,0.07596,0.07527,0.07511,0.07199,0.07483,0.07291,0.07127,0.06473,0.05966,0.06897,0.06933,0.07275,0.07006,0.06938,0.07226,0.07328,0.07678,0.16959,0.17024,0.16090,0.16543,0.17181,0.17310,0.17219,0.18011,0.18125,0.17562,0.17375,0.17519,0.17075,0.16660,0.17202,0.17376,0.16872,0.17146,0.01044,0.14489,0.15276,0.71044,0.00059,0.58396,0.1,0.8568973068319657,115.20797269623331,-280.9579558545428
23.0,0.07596,0.07527,0.07511,0.07199,0.07483,0.07291,0.07127,0.06473,0.05966,0.06897,0.06933,0.07275,0.07006,0.06938,0.07226,0.07328,0.07678,0.16959,0.17024,0.16090,0.16543,0.17181,0.17310,0.17219,0.18011,0.18125,0.17562,0.17375,0.17519,0.17075,0.16660,0.17202,0.17376,0.16872,0.02683,0.12977,0.19213,0.36277,0.71910,0.00059,0.32611,0.1,0.6955134681319337,115.20797269623331,-280.54061718999407
24.0,0.07596,0.07527,0.07511,0.07199,0.07483,0.07291,0.07127,0.06473,0.05966,0.06897,0.06933,0.07275,0.07006,0.06938,0.07226,0.07328,0.07678,0.16959,0.17024,0.16090,0.16543,0.17181,0.17310,0.17219,0.18011,0.18125,0.17562,0.17375,0.17519,0.17075,0.16660,0.17202,0.17376,0.16872,0.02683,0.23633,0.07719,0.10645,0.77470,0.00059,0.31664,0.1,0.6462572703339677,115.20797269623331,-281.5198014165239
25.0,0.07596,0.07527,0.07511,0.07199,0.07483,0.07291,0.07127,0.06473,0.05966,0.06897,0.06933,0.07275,0.07006,0.06938,0.07226,0.07328,0.07678,0.16959,0.17024,0.16090,0.16543,0.17181,0.17310,0.17219,0.18011,0.18125,0.17562,0.17375,0.17519,0.17075,0.16660,0.17202,0.17376,0.16872,0.19708,0.23633,0.07719,0.18545,0.77470,0.00059,0.28027,0.1,0.6104466154876496,115.20797269623331,-282.8179353762347
26.0,0.07596,0.07527,0.07511,0.07199,0.07483,0.07291,0.07127,0.06473,0.05966,0.05845,0.06933,0.07275,0.07006,0.06938,0.07226,0.07328,0.07678,0.16959,0.17024,0.16090,0.16543,0.17181,0.17310,0.17219,0.18011,0.18125,0.17007,0.17375,0.17519,0.17075,0.16660,0.17202,0.17376,0.16872,0.19708,0.37495,0.03974,0.18545,0.91312,0.00966,0.35482,0.1,0.5919131465113436,115.36295464664849,-284.4534980126596
27.0,0.07596,0.07527,0.07511,0.07199,0.07483,0.07291,0.07127,0.06473,0.05966,0.05845,0.06993,0.07275,0.07006,0.06938,0.07226,0.07328,0.07678,0.16959,0.17024,0.16090,0.16543,0.17181,0.17310,0.17219,0.18011,0.18125,0.17007,0.16971,0.17519,0.17075,0.16660,0.17202,0.17376,0.16872,0.19708,0.37495,0.03974,0.18545,0.91312,0.00966,0.35482,0.1,0.6056969569761199,115.09058061336512,-284.272555322626
28.0,0.07596,0.07527,0.07511,0.07199,0.07483,0.07291,0.07127,0.06473,0.05966,0.05845,0.06993,0.07275,0.07006,0.06938,0.07226,0.07328,0.07678,0.16959,0.17024,0.16090,0.16543,0.17181,0.17310,0.17219,0.18011,0.18125,0.17007,0.16971,0.17519,0.17075,0.16660,0.17202,0.17376,0.16872,0.22820,0.03465,0.09428,0.31826,0.73083,0.05053,0.35482,0.1,0.6056969569761199,115.09058061336512,-283.03328247112927
29.0,0.06670,0.06601,0.06585,0.06274,0.06557,0.06365,0.06202,0.05547,0.05040,0.04920,0.06067,0.06349,0.06081,0.06012,0.06300,0.06402,0.06752,0.14156,0.14221,0.13287,0.13740,0.14378,0.14508,0.14416,0.15208,0.15322,0.14204,0.14168,0.14716,0.14273,0.13857,0.14400,0.14574,0.14069,0.16052,0.03465,0.18263,0.31826,0.73083,0.05053,0.45441,0.1,0.6630894163930297,118.35155932577412,-281.90501863893047
30.0,0.07752,0.07683,0.07668,0.07356,0.07639,0.07447,0.07284,0.06630,0.06122,0.06002,0.07149,0.07432,0.07163,0.07095,0.07382,0.07485,0.07834,0.14573,0.14638,0.13704,0.14157,0.14795,0.14924,0.14833,0.15625,0.15739,0.14621,0.14585,0.15133,0.14690,0.14274,0.14817,0.14991,0.14486,0.11728,0.03465,0.33178,0.24187,0.70746,0.05053,0.36353,0.1,0.8651580889166042,117.23426167551361,-280.95965564740925
31.0,0.07752,0.07683,0.07668,0.07356,0.07639,0.07371,0.07284,0.06630,0.06122,0.06002,0.07149,0.07432,0.07163,0.07095,0.07382,0.07485,0.07834,0.14573,0.14638,0.13704,0.14157,0.14795,0.11364,0.14833,0.15625,0.15739,0.14621,0.14585,0.15133,0.14690,0.14274,0.14817,0.14991,0.14486,0.11728,0.08855,0.26801,0.24187,0.79004,0.03677,0.36353,0.1,0.8196020181888185,116.18772609033576,-281.0162491671252
32.0,0.07752,0.07683,0.07668,0.07356,0.07639,0.07371,0.07284,0.06630,0.06122,0.06002,0.07149,0.07432,0.07163,0.07095,0.07382,0.07485,0.07834,0.14573,0.14638,0.13704,0.14157,0.14795,0.11364,0.14833,0.15625,0.15739,0.14621,0.14585,0.15133,0.14690,0.14274,0.14817,0.14991,0.14486,0.17759,0.08855,0.26801,0.12516,0.79004,0.03677,0.36353,0.1,0.6185370186809951,116.18772609033576,-283.056189900621
33.0,0.07752,0.07683,0.07668,0.07356,0.07639,0.07371,0.07284,0.06630,0.06122,0.06002,0.07149,0.07432,0.07163,0.07095,0.07382,0.07485,0.07834,0.14573,0.14638,0.13704,0.14157,0.14795,0.11364,0.14833,0.15625,0.15739,0.14621,0.14585,0.15133,0.14690,0.14274,0.14817,0.14991,0.14486,0.03737,0.08855,0.26801,0.04295,0.55908,0.04118,0.66605,0.1,0.6689180837097705,116.18772609033576,-281.40931226221466
34.0,0.07752,0.07683,0.07668,0.07356,0.07639,0.07371,0.07284,0.06630,0.06122,0.06002,0.07149,0.07432,0.07163,0.07095,0.07382,0.07485,0.07834,0.14573,0.14638,0.13704,0.14157,0.14795,0.11364,0.14833,0.15625,0.15739,0.14621,0.14585,0.15133,0.14690,0.14274,0.14817,0.14991,0.14486,0.15344,0.04257,0.26801,0.04295,0.61798,0.04414,0.66605,0.1,0.7668284052906872,116.18772609033576,-281.37782533946523
35.0,0.07752,0.07683,0.07668,0.06612,0.07639,0.07371,0.07284,0.06630,0.06122,0.06002,0.07149,0.07432,0.07163,0.07095,0.07382,0.07485,0.07834,0.14573,0.14638,0.13704,0.12869,0.14795,0.11364,0.14833,0.15625,0.15739,0.14621,0.14585,0.15133,0.14690,0.14274,0.14817,0.14991,0.14486,0.26172,0.05661,0.26801,0.00016,0.36595,0.08929,0.66605,0.1,0.8680504808698906,115.78142702081838,-284.1053553723438
36.0,0.07752,0.07683,0.07668,0.06612,0.07639,0.07371,0.07284,0.06630,0.06122,0.06002,0.07149,0.07432,0.07163,0.07095,0.07382,0.07485,0.07834,0.14573,0.14638,0.13704,0.12869,0.14795,0.11364,0.14833,0.15625,0.15739,0.14621,0.14585,0.15133,0.14690,0.14274,0.14817,0.14991,0.14486,0.07932,0.06064,0.13033,0.17503,0.36595,0.08929,0.66605,0.1,0.8231639616620247,115.78142702081838,-280.108177517948
37.0,0.07752,0.07683,0.07668,0.06612,0.07639,0.07371,0.07284,0.06630,0.06122,0.06002,0.07149,0.07432,0.07163,0.07095,0.07382,0.07485,0.07834,0.14573,0.14638,0.13704,0.12869,0.14795,0.11364,0.14833,0.15625,0.15739,0.14621,0.14585,0.15133,0.14690,0.14274,0.14817,0.14991,0.14486,0.15331,0.22236,0.13033,0.30041,0.36595,0.08929,0.62007,0.1,0.8464039941682268,115.78142702081838,-280.8662911099802
38.0,0.07752,0.07683,0.07668,0.06612,0.07639,0.07371,0.07284,0.06630,0.06122,0.06002,0.07149,0.07432,0.07163,0.07095,0.07382,0.07485,0.07834,0.14573,0.14638,0.13704,0.12869,0.14795,0.11364,0.14833,0.15625,0.15739,0.14621,0.14585,0.15133,0.14690,0.14274,0.14817,0.14991,0.14486,0.00124,0.26083,0.03839,0.30041,0.40031,0.08929,0.62007,0.1,0.8188736893493469,115.78142702081838,-279.54961157966426
39.0,0.07752,0.07683,0.07668,0.06612,0.07639,0.07371,0.07284,0.06630,0.06122,0.06002,0.07149,0.07432,0.07163,0.07095,0.07382,0.07485,0.07834,0.14573,0.14638,0.13704,0.12869,0.14795,0.11364,0.14833,0.15625,0.15739,0.14621,0.14585,0.15133,0.14690,0.14274,0.14817,0.14991,0.14486,0.00124,0.26083,0.03839,0.31338,0.54378,0.06568,0.32128,0.1,0.7881835759043461,115.78142702081838,-279.2391287583987
40.0,0.07752,0.07683,0.07668,0.06612,0.07639,0.07371,0.07284,0.06630,0.06122,0.06002,0.07149,0.07432,0.07163,0.07095,0.07382,0.07485,0.07834,0.14573,0.14638,0.13704,0.12869,0.14795,0.11364,0.14833,0.15625,0.15739,0.14621,0.14585,0.15133,0.14690,0.14274,0.14817,0.14991,0.14486,0.10720,0.19324,0.12205,0.10281,0.54378,0.06568,0.36149,0.1,0.7919370146837471,115.78142702081838,-280.24842671080165
41.0,0.07752,0.07683,0.07668,0.06612,0.07639,0.07371,0.07284,0.06630,0.06122,0.06002,0.07149,0.07432,0.07163,0.07095,0.07382,0.07485,0.07834,0.14573,0.14638,0.13704,0.12869,0.14795,0.11364,0.14833,0.15625,0.15739,0.14621,0.14585,0.15133,0.14690,0.14274,0.14817,0.14991,0.14486,0.05363,0.19324,0.11623,0.15460,0.54378,0.09710,0.36149,0.1,0.7046898955739556,115.78142702081838,-280.353773188927
42.0,0.07752,0.07683,0.07668,0.06612,0.07639,0.07371,0.07284,0.06630,0.06122,0.06002,0.07149,0.07432,0.07163,0.07095,0.07382,0.07485,0.07834,0.14573,0.14638,0.13704,0.12869,0.14795,0.11364,0.14833,0.15625,0.15739,0.14621,0.14585,0.15133,0.14690,0.14274,0.14817,0.14991,0.14486,0.17238,0.19324,0.20743,0.15460,0.54416,0.11894,0.36149,0.1,0.8479366415944329,115.78142702081838,-281.98404625296905
43.0,0.07752,0.07683,0.07668,0.06612,0.07639,0.07371,0.07284,0.06630,0.06122,0.06002,0.07149,0.07432,0.07163,0.07095,0.07382,0.07485,0.07834,0.14573,0.14638,0.13704,0.12869,0.14795,0.11364,0.14833,0.15625,0.15739,0.14621,0.14585,0.15133,0.14690,0.14274,0.14817,0.14991,0.14486,0.17238,0.04750,0.10803,0.20629,0.54416,0.11894,0.36149,0.1,0.8479366415944329,115.78142702081838,-280.893672821848
44.0,0.07752,0.07683,0.07668,0.06612,0.07639,0.06061,0.07284,0.06630,0.06122,0.06002,0.07149,0.07432,0.07163,0.07095,0.07382,0.07485,0.07834,0.14573,0.14638,0.13704,0.12869,0.14795,0.14624,0.14833,0.15625,0.15739,0.14621,0.14585,0.15133,0.14690,0.14274,0.14817,0.14991,0.14486,0.17238,0.31779,0.01227,0.30446,0.44025,0.10555,0.39640,0.1,0.7529684558026348,116.21476673815263,-280.582621976085
45.0,0.07752,0.07683,0.07668,0.06612,0.07639,0.06061,0.07284,0.06933,0.06122,0.06002,0.07149,0.07432,0.07163,0.07095,0.07382,0.07485,0.07834,0.14573,0.14638,0.13704,0.12869,0.14795,0.14624,0.14833,0.13461,0.15739,0.14621,0.14585,0.15133,0.14690,0.14274,0.14817,0.14991,0.14486,0.01217,0.31779,0.01227,0.27119,0.57178,0.10555,0.46850,0.1,0.7747722813841335,114.60152029510787,-280.26043114050105
46.0,0.07752,0.07683,0.07668,0.07781,0.07639,0.06061,0.07284,0.06933,0.06122,0.06002,0.07149,0.07432,0.07163,0.07095,0.07382,0.07485,0.07834,0.14573,0.14638,0.13704,0.15772,0.14795,0.14624,0.14833,0.13461,0.15739,0.14621,0.14585,0.15133,0.14690,0.14274,0.14817,0.14991,0.14486,0.16798,0.34514,0.01227,0.55834,0.57178,0.09535,0.46324,0.1,0.7756184398922437,114.6953493387623,-282.25063889680666
47.0,0.07752,0.07683,0.07668,0.07781,0.07639,0.06061,0.07284,0.06933,0.06122,0.06002,0.07149,0.07432,0.07163,0.07095,0.07382,0.07485,0.07834,0.14573,0.14638,0.13704,0.15772,0.14795,0.14624,0.14833,0.13461,0.15739,0.14621,0.14585,0.15133,0.14690,0.14274,0.14817,0.14991,0.14486,0.16798,0.34514,0.01227,0.55834,0.54738,0.12732,0.48231,0.1,0.7756143428137645,114.6953493387623,-282.69068772738643
48.0,0.07752,0.07683,0.07668,0.07781,0.07639,0.06061,0.07284,0.06933,0.06122,0.06002,0.07149,0.07432,0.07163,0.07095,0.07382,0.07485,0.07834,0.14573,0.14638,0.13704,0.15772,0.14795,0.14624,0.14833,0.13461,0.15739,0.14621,0.14585,0.15133,0.14690,0.14274,0.14817,0.14991,0.14486,0.11993,0.34514,0.09751,0.26955,0.64494,0.12732,0.48231,0.1,0.8183418989138908,114.6953493387623,-282.52365943183156
49.0,0.06664,0.06595,0.06580,0.06693,0.06551,0.04973,0.06196,0.05845,0.05034,0.04914,0.06061,0.06343,0.06075,0.06007,0.06294,0.06396,0.06746,0.13281,0.13346,0.12412,0.14480,0.13503,0.13332,0.13541,0.12169,0.14447,0.13329,0.13293,0.13841,0.13398,0.12982,0.13525,0.13699,0.13194,0.01509,0.34514,0.09751,0.17865,0.39027,0.07343,0.60437,0.1,0.7738326664830264,115.9748867520049,-282.5702535083066
50.0,0.06664,0.06595,0.06580,0.06693,0.06551,0.04973,0.06196,0.05845,0.05034,0.04914,0.06061,0.06343,0.06075,0.06007,0.06294,0.06396,0.06746,0.13281,0.13346,0.12412,0.14480,0.13503,0.13332,0.13541,0.12169,0.14447,0.13329,0.13293,0.13841,0.13398,0.12982,0.13525,0.13699,0.13194,0.06413,0.34514,0.12631,0.52319,0.40290,0.07630,0.40026,0.1,0.7738326664830264,115.9748867520049,-282.99069828047936
51.0,0.06664,0.06595,0.06580,0.06693,0.06551,0.04973,0.06196,0.05845,0.05034,0.04914,0.06061,0.06343,0.06075,0.06007,0.06294,0.06396,0.06746,0.13281,0.13346,0.12412,0.14480,0.13503,0.13332,0.13541,0.12169,0.14447,0.13329,0.13293,0.13841,0.13398,0.12982,0.13525,0.13699,0.13194,0.06413,0.34514,0.19860,0.39253,0.40290,0.07630,0.25007,0.1,0.8063167643879132,115.9748867520049,-283.8125980948114
52.0,0.06664,0.06595,0.06580,0.06693,0.06551,0.04973,0.06196,0.05845,0.05034,0.04914,0.06061,0.06343,0.06075,0.06007,0.06294,0.06396,0.06746,0.13281,0.13346,0.12412,0.14480,0.13503,0.13332,0.13541,0.12169,0.14447,0.13329,0.13293,0.13841,0.13398,0.12982,0.13525,0.13699,0.13194,0.06413,0.34514,0.19860,0.39253,0.31932,0.07630,0.33648,0.1,0.7022008429476132,115.9748867520049,-284.0001569327901
53.0,0.06664,0.06595,0.06580,0.06693,0.06551,0.04973,0.06196,0.05845,0.05034,0.04914,0.06061,0.06343,0.06075,0.06007,0.06294,0.06396,0.06746,0.13281,0.13346,0.12412,0.14480,0.13503,0.13332,0.13541,0.12169,0.14447,0.13329,0.13293,0.13841,0.13398,0.12982,0.13525,0.13699,0.13194,0.06413,0.28251,0.19860,0.39253,0.39406,0.03836,0.16304,0.1,0.7022008429476132,115.9748867520049,-283.7715022161879
54.0,0.06664,0.06595,0.06580,0.06693,0.06551,0.04973,0.06196,0.05676,0.05034,0.04914,0.06061,0.06343,0.06075,0.06007,0.06294,0.06396,0.06746,0.13281,0.13346,0.12412,0.14480,0.13503,0.13332,0.13541,0.12814,0.14447,0.13329,0.13293,0.13841,0.13398,0.12982,0.13525,0.13699,0.13194,0.23076,0.28251,0.19860,0.39253,0.47774,0.12514,0.20925,0.1,0.7022008429476132,117.5289444712481,-285.6404178597139
55.0,0.06664,0.06595,0.06580,0.06693,0.06551,0.04973,0.06196,0.05676,0.05034,0.04914,0.06061,0.06343,0.06075,0.06007,0.06294,0.06396,0.06746,0.13281,0.13346,0.12412,0.14480,0.13503,0.13332,0.13541,0.12814,0.14447,0.13329,0.13293,0.13841,0.13398,0.12982,0.13525,0.13699,0.13194,0.21099,0.15958,0.19860,0.28162,0.34872,0.01642,0.20925,0.1,0.7022008429476132,117.5289444712481,-282.9981162472454
56.0,0.06664,0.06595,0.06580,0.06693,0.06551,0.04973,0.06196,0.05676,0.05034,0.04914,0.06061,0.06343,0.06075,0.06007,0.06294,0.06396,0.06746,0.13281,0.13346,0.12412,0.14480,0.13503,0.13332,0.13541,0.12814,0.14447,0.13329,0.13293,0.13841,0.13398,0.12982,0.13525,0.13699,0.13194,0.21099,0.15958,0.19860,0.28162,0.34872,0.01642,0.26954,0.1,0.7667922774533299,117.5289444712481,-282.2602615947691
57.0,0.06664,0.06595,0.06580,0.06693,0.06551,0.04973,0.06196,0.05676,0.05034,0.04914,0.06061,0.06343,0.06075,0.06007,0.06294,0.06396,0.06746,0.13281,0.13346,0.12412,0.14480,0.13503,0.13332,0.13541,0.12814,0.14447,0.13329,0.13293,0.13841,0.13398,0.12982,0.13525,0.13699,0.13194,0.21099,0.33190,0.16488,0.14193,0.34872,0.13457,0.26954,0.1,0.7667922774533299,117.5289444712481,-285.36623540875587
58.0,0.06664,0.06595,0.06580,0.06693,0.06551,0.04973,0.06196,0.05676,0.05034,0.04914,0.06061,0.06343,0.06075,0.06007,0.06294,0.06396,0.06746,0.13281,0.13346,0.12412,0.14480,0.13503,0.13332,0.13541,0.12814,0.14447,0.13329,0.13293,0.13841,0.13398,0.12982,0.13525,0.13699,0.13194,0.06082,0.33190,0.16488,0.47885,0.34872,0.05111,0.46890,0.1,0.6482352615322595,117.5289444712481,-283.4704420224982
59.0,0.06664,0.06595,0.06580,0.06693,0.06551,0.04973,0.06196,0.05676,0.05034,0.04914,0.06061,0.06343,0.06075,0.06007,0.06294,0.06396,0.06746,0.13281,0.13346,0.12412,0.14480,0.13503,0.13332,0.13541,0.12814,0.14447,0.13329,0.13293,0.13841,0.13398,0.12982,0.13525,0.13699,0.13194,0.06082,0.28139,0.16488,0.47885,0.42816,0.05111,0.87095,0.1,0.6482352615322595,117.5289444712481,-286.0901510922608
60.0,0.06664,0.06595,0.06580,0.06693,0.06551,0.04973,0.06196,0.05676,0.05034,0.05330,0.06061,0.06343,0.06075,0.06007,0.06294,0.06396,0.06746,0.13281,0.13346,0.12412,0.14480,0.13503,0.13332,0.13541,0.12814,0.14447,0.13133,0.13293,0.13841,0.13398,0.12982,0.13525,0.13699,0.13194,0.01816,0.28139,0.16488,0.18592,0.70198,0.05111,0.89982,0.1,0.655059046261234,117.86937734883323,-287.3119868243986
61.0,0.06664,0.06595,0.06580,0.06693,0.06551,0.04973,0.06196,0.05676,0.05034,0.05330,0.06061,0.06343,0.06075,0.06007,0.06294,0.04387,0.06746,0.13281,0.13346,0.12412,0.14480,0.13503,0.13332,0.13541,0.12814,0.14447,0.13133,0.13293,0.13841,0.13398,0.12982,0.13525,0.15708,0.13194,0.19450,0.03001,0.16488,0.18592,0.79872,0.05111,0.89982,0.1,0.63717561160334,113.68340449154577,-287.32974008989424
62.0,0.06664,0.06595,0.06580,0.06693,0.06551,0.04973,0.06196,0.05676,0.05034,0.05330,0.06061,0.06343,0.06075,0.06007,0.06294,0.04387,0.06746,0.13281,0.13346,0.12412,0.14480,0.13503,0.13332,0.13541,0.12814,0.14447,0.13133,0.13293,0.13841,0.13398,0.12982,0.13525,0.15708,0.13194,0.19001,0.08643,0.16488,0.18592,0.27342,0.05111,0.89982,0.1,0.63717561160334,113.68340449154577,-286.10945699384285
63.0,0.06664,0.06595,0.06580,0.06693,0.06551,0.07221,0.06196,0.05676,0.05034,0.05330,0.06061,0.06343,0.06075,0.06007,0.06294,0.04387,0.06746,0.13281,0.13346,0.12412,0.14480,0.13503,0.10105,0.13541,0.12814,0.14447,0.13133,0.13293,0.13841,0.13398,0.12982,0.13525,0.15708,0.13194,0.19001,0.08643,0.16488,0.00968,0.27367,0.05111,0.82309,0.1,0.683322813945717,112.83903633265639,-285.9072773754684
64.0,0.08323,0.08253,0.08238,0.08351,0.08210,0.08879,0.07854,0.07334,0.06692,0.06988,0.07720,0.08002,0.07733,0.07665,0.07953,0.06045,0.08404,0.15368,0.15433,0.14499,0.16567,0.15590,0.12191,0.15628,0.14901,0.16534,0.15219,0.15380,0.15928,0.15484,0.15069,0.15611,0.17795,0.15281,0.19001,0.09580,0.16488,0.68771,0.42097,0.05111,0.67310,0.1,0.587644917233957,111.75790295655987,-284.2035994171356
65.0,0.08323,0.08253,0.08238,0.08351,0.08210,0.08879,0.07854,0.07334,0.06692,0.06988,0.07720,0.08002,0.07733,0.07665,0.07953,0.06177,0.08404,0.15368,0.15433,0.14499,0.16567,0.15590,0.12191,0.15628,0.14901,0.16534,0.15219,0.15380,0.15928,0.15484,0.15069,0.15611,0.13803,0.15281,0.19001,0.01746,0.16488,0.68771,0.41970,0.00624,0.67310,0.1,0.587644917233957,112.51605131038589,-283.33067180123675
66.0,0.08323,0.08253,0.08238,0.08351,0.08210,0.06698,0.07854,0.07334,0.06692,0.06988,0.07681,0.08002,0.07733,0.07665,0.07953,0.06177,0.08404,0.15368,0.15433,0.14499,0.16567,0.15590,0.13561,0.15628,0.14901,0.16534,0.15219,0.15229,0.15928,0.15484,0.15069,0.15611,0.13803,0.15281,0.12235,0.01746,0.16488,0.68771,0.41970,0.00624,0.67310,0.1,0.5973169643200075,113.066756497975,-282.29483764418114
67.0,0.08323,0.08253,0.08238,0.08351,0.08210,0.06698,0.07854,0.07334,0.06692,0.06988,0.07681,0.08002,0.07733,0.07665,0.07953,0.06177,0.08404,0.15368,0.15433,0.14499,0.16567,0.15590,0.13561,0.15628,0.14901,0.16534,0.15219,0.15229,0.15928,0.15484,0.15069,0.15611,0.13803,0.15281,0.12235,0.01746,0.25108,0.68771,0.45213,0.00624,0.67310,0.1,0.5973169643200075,113.066756497975,-282.29330333363254
68.0,0.08323,0.08253,0.08238,0.08351,0.08210,0.06698,0.07854,0.07334,0.06692,0.06379,0.07681,0.08002,0.07733,0.07665,0.07953,0.06177,0.08404,0.15368,0.15433,0.14499,0.16567,0.15590,0.13561,0.15628,0.14901,0.16534,0.14151,0.15229,0.15928,0.15484,0.15069,0.15611,0.13803,0.15281,0.06242,0.01746,0.25108,0.68771,0.65534,0.00624,0.67310,0.1,0.514076380766389,112.11376435636944,-283.83262999474005
69.0,0.08323,0.08253,0.07555,0.08351,0.08210,0.06698,0.07854,0.07334,0.06692,0.06379,0.07681,0.08002,0.07733,0.07665,0.07953,0.06177,0.08404,0.15368,0.15433,0.14489,0.16567,0.15590,0.13561,0.15628,0.14901,0.16534,0.14151,0.15229,0.15928,0.15484,0.15069,0.15611,0.13803,0.15281,0.12070,0.01746,0.08419,0.68771,0.65534,0.00624,0.67310,0.1,0.6238853815996506,112.08262005990449,-283.3615678963919
70.0,0.08323,0.08253,0.07555,0.08351,0.08210,0.06698,0.07854,0.07334,0.06692,0.06379,0.07681,0.08002,0.07646,0.07665,0.07953,0.06177,0.08404,0.15368,0.15433,0.14489,0.16567,0.15590,0.13561,0.15628,0.14901,0.16534,0.14151,0.15229,0.15928,0.18286,0.15069,0.15611,0.13803,0.15281,0.17451,0.01746,0.28543,0.49249,0.65534,0.00624,0.67310,0.1,0.6737520730657969,109.22999162460457,-280.8443228832778
71.0,0.08323,0.08253,0.07555,0.08351,0.08210,0.06698,0.07854,0.07334,0.06692,0.06379,0.07681,0.08002,0.08426,0.07665,0.07953,0.06177,0.08404,0.15368,0.15433,0.14489,0.16567,0.15590,0.13561,0.15628,0.14901,0.16534,0.14151,0.15229,0.15928,0.18078,0.15069,0.15611,0.13803,0.15281,0.17451,0.10221,0.31448,0.43922,0.49696,0.00624,0.79789,0.1,0.647671852280561,109.1149530246814,-282.426372743856
72.0,0.08323,0.08253,0.07555,0.06701,0.08210,0.06698,0.07854,0.07334,0.06692,0.05965,0.07681,0.08002,0.08426,0.07665,0.07953,0.06177,0.08404,0.15368,0.15433,0.14489,0.15855,0.15590,0.13561,0.15628,0.14901,0.16534,0.17268,0.15229,0.15928,0.18078,0.15069,0.15611,0.13803,0.15281,0.01672,0.10221,0.31448,0.25167,0.55460,0.17540,0.79789,0.1,0.8501183568850392,108.07316279417138,-282.8565010524088
73.0,0.08323,0.08253,0.08807,0.06701,0.08210,0.06698,0.07854,0.07334,0.06692,0.05965,0.07681,0.08002,0.08426,0.07665,0.07953,0.06177,0.08404,0.15368,0.15433,0.17187,0.15855,0.15590,0.13561,0.15628,0.14901,0.16534,0.17268,0.15229,0.15928,0.18078,0.15069,0.15611,0.13803,0.15281,0.01672,0.10221,0.31448,0.25167,0.78297,0.17540,0.79789,0.1,0.8053533996774355,107.45315535675188,-284.2983153711674
74.0,0.08323,0.08253,0.08807,0.06701,0.08210,0.06698,0.07854,0.07334,0.06692,0.05965,0.07681,0.08002,0.08426,0.07665,0.07953,0.06177,0.08404,0.15368,0.15433,0.17187,0.15855,0.15590,0.13561,0.15628,0.14901,0.16534,0.17268,0.15229,0.15928,0.18078,0.15069,0.15611,0.13803,0.15281,0.01672,0.02971,0.27464,0.13045,0.80787,0.07004,0.37321,0.1,0.8053533996774355,107.45315535675188,-280.3832957915178
75.0,0.08323,0.08253,0.08807,0.06701,0.08210,0.06698,0.07854,0.07334,0.06692,0.05965,0.07681,0.08002,0.08426,0.07665,0.07953,0.06177,0.08404,0.15368,0.15433,0.17187,0.15855,0.15590,0.13561,0.15628,0.14901,0.16534,0.17268,0.15229,0.15928,0.18078,0.15069,0.15611,0.13803,0.15281,0.04307,0.14129,0.22398,0.20461,0.40369,0.00775,0.37321,0.1,0.7507989434640823,107.45315535675188,-278.55408797051626
76.0,0.08323,0.08253,0.08807,0.06701,0.08210,0.06698,0.07854,0.07334,0.06692,0.05965,0.07681,0.08002,0.08426,0.07665,0.07953,0.06177,0.08404,0.15368,0.15433,0.17187,0.15855,0.15590,0.13561,0.15628,0.14901,0.16534,0.17268,0.15229,0.15928,0.18078,0.15069,0.15611,0.13803,0.15281,0.04307,0.14129,0.01022,0.30001,0.66785,0.00775,0.11287,0.1,0.7507989434640823,107.45315535675188,-280.0950548203636
77.0,0.08323,0.08253,0.08807,0.06701,0.08210,0.06698,0.07854,0.07334,0.06692,0.05965,0.07681,0.08002,0.08426,0.07665,0.07953,0.06177,0.08404,0.15368,0.15433,0.17187,0.15855,0.15590,0.13561,0.15628,0.14901,0.16534,0.17268,0.15229,0.15928,0.18078,0.15069,0.15611,0.13803,0.15281,0.03491,0.14129,0.02155,0.30001,0.51725,0.00775,0.11287,0.1,0.8053750027717264,107.45315535675188,-279.63812903647505
78.0,0.08323,0.08253,0.08807,0.06701,0.08210,0.06698,0.07854,0.07334,0.06692,0.05965,0.07681,0.08002,0.08426,0.07665,0.07953,0.06177,0.08404,0.15368,0.15433,0.17187,0.15855,0.15590,0.13561,0.15628,0.14901,0.16534,0.17268,0.15229,0.15928,0.18078,0.15069,0.15611,0.13803,0.15281,0.03491,0.25068,0.02155,0.13497,0.76190,0.00775,0.11287,0.1,0.6815975463508437,107.45315535675188,-281.2473142284504
79.0,0.08323,0.08253,0.08807,0.06701,0.08210,0.06698,0.07854,0.07334,0.06692,0.05965,0.07681,0.08002,0.08426,0.07665,0.07953,0.06177,0.08404,0.15368,0.15433,0.17187,0.15855,0.15590,0.13561,0.15628,0.14901,0.16534,0.17268,0.15229,0.15928,0.18078,0.15069,0.15611,0.13803,0.15281,0.13183,0.25068,0.01623,0.38677,0.79902,0.00775,0.46118,0.1,0.8428205699004898,107.45315535675188,-279.4095712480131
80.0,0.08323,0.08253,0.08807,0.06701,0.08210,0.06698,0.07854,0.07334,0.06692,0.05965,0.07681,0.08002,0.08426,0.07665,0.07953,0.06177,0.08404,0.15368,0.15433,0.17187,0.15855,0.15590,0.13561,0.15628,0.14901,0.16534,0.17268,0.15229,0.15928,0.18078,0.15069,0.15611,0.13803,0.15281,0.05237,0.25068,0.01623,0.38677,0.57323,0.00775,0.63981,0.1,0.6931094132692733,107.45315535675188,-278.47736759243196
81.0,0.08323,0.08253,0.08807,0.06701,0.08210,0.06698,0.07854,0.07334,0.06692,0.08348,0.07681,0.08002,0.08426,0.07665,0.07953,0.06177,0.08404,0.15368,0.15433,0.17187,0.15855,0.15590,0.13561,0.15628,0.14901,0.16534,0.15621,0.15229,0.15928,0.18078,0.15069,0.15611,0.13803,0.15281,0.05237,0.25068,0.06632,0.17647,0.57323,0.06511,0.63981,0.1,0.7701297582344517,107.59852077919787,-280.1057165206654
82.0,0.08323,0.08253,0.08807,0.06701,0.08210,0.06698,0.07854,0.07334,0.06692,0.08348,0.07681,0.08002,0.08426,0.07665,0.07953,0.06177,0.08404,0.15368,0.15433,0.17187,0.15855,0.15590,0.13561,0.15628,0.14901,0.16534,0.15621,0.15229,0.15928,0.18078,0.15069,0.15611,0.13803,0.15281,0.05237,0.25068,0.03952,0.17647,0.49449,0.06511,0.43281,0.1,0.7945963334990923,107.59852077919787,-279.0566747334573
83.0,0.08323,0.08253,0.08807,0.06701,0.08210,0.06698,0.07854,0.07334,0.06692,0.08348,0.07681,0.08002,0.08426,0.07665,0.07953,0.06177,0.08404,0.15368,0.15433,0.17187,0.15855,0.15590,0.13561,0.15628,0.14901,0.16534,0.15621,0.15229,0.15928,0.18078,0.15069,0.15611,0.13803,0.15281,0.10905,0.25068,0.10725,0.10983,0.59835,0.06511,0.43281,0.1,0.7945963334990923,107.59852077919787,-280.69828487424445
84.0,0.08323,0.08253,0.08807,0.06701,0.08210,0.06698,0.07854,0.07334,0.06692,0.08348,0.07681,0.08002,0.08426,0.07665,0.07953,0.06177,0.08404,0.15368,0.15433,0.17187,0.15855,0.15590,0.13561,0.15628,0.14901,0.16534,0.15621,0.15229,0.15928,0.18078,0.15069,0.15611,0.13803,0.15281,0.10905,0.25068,0.10725,0.28790,0.43981,0.06511,0.55046,0.1,0.8866925138230776,107.59852077919787,-280.26564049840755
85.0,0.08323,0.08253,0.08807,0.06701,0.08210,0.06698,0.07854,0.07334,0.06692,0.08348,0.07681,0.08002,0.08426,0.07665,0.07953,0.06177,0.08404,0.15368,0.15433,0.17187,0.15855,0.15590,0.13561,0.15628,0.14901,0.16534,0.15621,0.15229,0.15928,0.18078,0.15069,0.15611,0.13803,0.15281,0.14401,0.25068,0.16039,0.37597,0.43981,0.16111,0.60111,0.1,0.8373446031867873,107.59852077919787,-282.4978942811521
86.0,0.08323,0.08253,0.08807,0.06701,0.08210,0.06698,0.07854,0.07334,0.06692,0.08348,0.07681,0.08002,0.08426,0.07665,0.07953,0.06177,0.08404,0.15368,0.15433,0.17187,0.15855,0.15590,0.13561,0.15628,0.14901,0.16534,0.15621,0.15229,0.15928,0.18078,0.15069,0.15611,0.13803,0.15281,0.15313,0.29502,0.16039,0.37597,0.43981,0.07382,0.60111,0.1,0.8121740010615072,107.59852077919787,-281.563667156654
87.0,0.08323,0.08253,0.08807,0.06701,0.08210,0.06698,0.07854,0.07334,0.06692,0.08348,0.07681,0.08045,0.08426,0.07665,0.07953,0.06177,0.08404,0.15368,0.15433,0.17187,0.15855,0.15590,0.13561,0.15628,0.14901,0.16534,0.15621,0.15229,0.17381,0.18078,0.15069,0.15611,0.13803,0.15281,0.07662,0.18581,0.16039,0.32935,0.43981,0.07622,0.60111,0.1,0.756558120587918,107.9136575887667,-279.86771687317554
88.0,0.08323,0.08253,0.08807,0.08387,0.08210,0.06698,0.07854,0.07334,0.06692,0.08348,0.07681,0.08045,0.08426,0.07665,0.07953,0.06177,0.08404,0.15368,0.15433,0.17187,0.12679,0.15590,0.13561,0.15628,0.14901,0.16534,0.15621,0.15229,0.17381,0.18078,0.15069,0.15611,0.13803,0.15281,0.07662,0.18581,0.24567,0.32935,0.43981,0.07085,0.45803,0.1,0.8293682610975489,107.99489879461487,-279.6376620110927
89.0,0.08323,0.08253,0.08807,0.08387,0.08210,0.06698,0.07854,0.07334,0.06692,0.08348,0.07681,0.08045,0.08426,0.07665,0.07953,0.06177,0.08404,0.15368,0.15433,0.17187,0.12679,0.15590,0.13561,0.15628,0.14901,0.16534,0.15621,0.15229,0.17381,0.18078,0.15069,0.15611,0.13803,0.15281,0.09180,0.18581,0.23303,0.53079,0.43981,0.07085,0.28092,0.1,0.7476989005428667,107.99489879461487,-281.1329632097887
90.0,0.08323,0.08253,0.08807,0.08387,0.08210,0.06698,0.07854,0.07334,0.06692,0.08348,0.07681,0.08045,0.08426,0.07665,0.07953,0.06177,0.08404,0.15368,0.15433,0.17187,0.12679,0.15590,0.13561,0.15628,0.14901,0.16534,0.15621,0.15229,0.17381,0.18078,0.15069,0.15611,0.13803,0.15281,0.09180,0.13493,0.23303,0.27782,0.32695,0.02054,0.32150,0.1,0.7476989005428667,107.99489879461487,-278.81830135679866
91.0,0.08323,0.08253,0.09567,0.08387,0.08210,0.06698,0.07854,0.07334,0.06692,0.08348,0.07681,0.08045,0.08426,0.07665,0.07953,0.06177,0.08404,0.15368,0.15433,0.16432,0.12679,0.15590,0.13561,0.15628,0.14901,0.16534,0.15621,0.15229,0.17381,0.18078,0.15069,0.15611,0.13803,0.15281,0.09180,0.00290,0.18730,0.27782,0.32695,0.02054,0.32150,0.1,0.7547887612101497,107.7648251566165,-277.60436052426627
92.0,0.08125,0.08055,0.10438,0.08189,0.08012,0.06500,0.07656,0.07136,0.06494,0.08150,0.07483,0.07847,0.08228,0.07467,0.07755,0.05979,0.08206,0.18199,0.18264,0.17150,0.15511,0.18422,0.16392,0.18459,0.17732,0.19366,0.18452,0.18061,0.20212,0.20909,0.17900,0.18443,0.16634,0.18112,0.09180,0.00290,0.24902,0.27782,0.32695,0.00378,0.33288,0.1,0.7602589192310262,105.33468577792533,-277.5747404481549
93.0,0.08125,0.08055,0.10438,0.08189,0.08012,0.06500,0.07656,0.07136,0.06494,0.08150,0.07483,0.07847,0.08228,0.07467,0.07755,0.05979,0.08206,0.18199,0.18264,0.17150,0.15511,0.18422,0.16392,0.18459,0.17732,0.19366,0.18452,0.18061,0.20212,0.20909,0.17900,0.18443,0.16634,0.18112,0.00107,0.00290,0.24902,0.03142,0.32695,0.00378,0.73608,0.1,0.7993940707633366,105.33468577792533,-278.5506148046096
94.0,0.08125,0.08055,0.08092,0.08189,0.08012,0.06500,0.07656,0.07929,0.06494,0.08150,0.07483,0.07847,0.08228,0.07467,0.07755,0.05979,0.07781,0.18199,0.18264,0.21381,0.15511,0.18422,0.16392,0.18459,0.20056,0.19366,0.18452,0.18061,0.20212,0.20909,0.17900,0.18443,0.16634,0.16563,0.28169,0.02745,0.22480,0.44548,0.70732,0.00378,0.68050,0.1,0.7993940707633366,104.50120899497568,-281.6832594647458
95.0,0.08125,0.08055,0.08800,0.08189,0.08012,0.06500,0.07656,0.07929,0.06494,0.08150,0.07483,0.07847,0.08228,0.07467,0.07755,0.05979,0.07781,0.18199,0.18264,0.11624,0.15511,0.18422,0.16392,0.18459,0.20056,0.19366,0.18452,0.18061,0.20212,0.20909,0.17900,0.18443,0.16634,0.16563,0.28169,0.02745,0.28619,0.04817,0.59315,0.00378,0.85955,0.1,0.7993940707633366,101.78388369563832,-280.7732914161044
96.0,0.08125,0.08055,0.08800,0.08189,0.08012,0.06500,0.07656,0.07929,0.06494,0.08150,0.07483,0.07847,0.08228,0.07467,0.07755,0.05979,0.07781,0.18199,0.18264,0.11624,0.15511,0.18422,0.16392,0.18459,0.20056,0.19366,0.18452,0.18061,0.20212,0.20909,0.17900,0.18443,0.16634,0.16563,0.28169,0.05977,0.28619,0.10278,0.28107,0.00378,0.85166,0.1,0.7257812349152455,101.78388369563832,-280.9970718735923
97.0,0.08125,0.08055,0.08800,0.08189,0.08012,0.06500,0.07656,0.07929,0.06494,0.08150,0.07483,0.07847,0.08228,0.07467,0.07755,0.05979,0.07781,0.18199,0.18264,0.11624,0.15511,0.18422,0.16392,0.18459,0.20056,0.19366,0.18452,0.18061,0.20212,0.20909,0.17900,0.18443,0.16634,0.16563,0.02055,0.16816,0.05289,0.08183,0.47292,0.00378,0.66518,0.1,0.7257812349152455,101.78388369563832,-276.81826625901283
98.0,0.08125,0.08055,0.08800,0.08189,0.08012,0.06500,0.07656,0.07929,0.06494,0.08150,0.07483,0.07847,0.08228,0.07467,0.07755,0.05979,0.07781,0.18199,0.18264,0.11624,0.15511,0.18422,0.16392,0.18459,0.20056,0.19366,0.18452,0.18061,0.20212,0.20909,0.17900,0.18443,0.16634,0.16563,0.02798,0.16816,0.15509,0.33356,0.47292,0.00378,0.66518,0.1,0.8667364538288966,101.78388369563832,-276.7713126154502
99.0,0.08125,0.08055,0.08800,0.08189,0.08012,0.06500,0.07656,0.07929,0.06494,0.08150,0.07483,0.07847,0.08228,0.06487,0.07755,0.05979,0.07781,0.18199,0.18264,0.11624,0.15511,0.18422,0.16392,0.18459,0.20056,0.19366,0.18452,0.18061,0.20212,0.20909,0.20223,0.18443,0.16634,0.16563,0.02798,0.16816,0.15509,0.32159,0.47292,0.00378,0.22667,0.1,0.8300681170165876,101.8388657802412,-277.5891054186419
100.0,0.08125,0.08055,0.08800,0.08189,0.08012,0.06500,0.07656,0.07929,0.06494,0.08150,0.07483,0.07847,0.08228,0.06487,0.07755,0.05979,0.07781,0.18199,0.18264,0.11624,0.15511,0.18422,0.16392,0.18459,0.20056,0.19366,0.18452,0.18061,0.20212,0.20909,0.20223,0.18443,0.16634,0.16563,0.10002,0.16816,0.05248,0.23574,0.52946,0.00378,0.22667,0.1,0.8543726189139353,101.8388657802412,-277.6147706171027
101.0,0.08125,0.08055,0.08800,0.07812,0.08012,0.06500,0.07656,0.07929,0.06494,0.08150,0.07483,0.07847,0.08228,0.07085,0.07755,0.05979,0.07781,0.18199,0.18264,0.11624,0.21848,0.18422,0.16392,0.18459,0.20056,0.19366,0.18452,0.18061,0.20212,0.20909,0.22519,0.18443,0.16634,0.16563,0.08454,0.41283,0.07092,0.14657,0.19952,0.00378,0.22667,0.1,0.8543726189139353,100.34669811870167,-281.5536191237428
102.0,0.08125,0.08055,0.08800,0.08628,0.08012,0.06500,0.07656,0.07929,0.07553,0.06428,0.07483,0.07847,0.08228,0.07085,0.07755,0.07188,0.07781,0.18199,0.18264,0.11624,0.17739,0.18422,0.16392,0.18459,0.20056,0.16831,0.19474,0.18061,0.20212,0.20909,0.22519,0.18443,0.16482,0.16563,0.08454,0.08395,0.07092,0.14657,0.59982,0.00378,0.42852,0.1,0.8543726189139353,102.97009805632074,-276.88084945665315
103.0,0.08125,0.08055,0.08800,0.07824,0.08012,0.06500,0.07656,0.07929,0.07553,0.06428,0.07483,0.07847,0.08228,0.07085,0.07755,0.07188,0.07781,0.18199,0.18264,0.11624,0.17588,0.18422,0.16392,0.18459,0.20056,0.16831,0.19474,0.18061,0.20212,0.20909,0.22519,0.18443,0.16482,0.16563,0.08454,0.08395,0.10955,0.33601,0.62679,0.00378,0.41296,0.1,0.8543726189139353,103.18122928302289,-276.8324225667222
104.0,0.08125,0.08055,0.08800,0.07824,0.08012,0.06500,0.07656,0.07929,0.07553,0.06428,0.07483,0.07847,0.08228,0.07085,0.07755,0.07188,0.07781,0.18199,0.18264,0.11624,0.17588,0.18422,0.16392,0.18459,0.20056,0.16831,0.19474,0.18061,0.20212,0.20909,0.22519,0.18443,0.16482,0.16563,0.08454,0.08395,0.10955,0.05062,0.62679,0.00378,0.41296,0.1,0.6768565134123729,103.18122928302289,-278.0450367514316
105.0,0.07918,0.08055,0.09009,0.07824,0.08012,0.06500,0.07656,0.07929,0.07553,0.07860,0.07483,0.07847,0.08228,0.07085,0.07755,0.07188,0.07781,0.18656,0.18264,0.11994,0.17588,0.18422,0.16392,0.18459,0.20056,0.16831,0.19099,0.18061,0.20212,0.20909,0.22519,0.18443,0.16482,0.16563,0.08454,0.08395,0.35104,0.08087,0.45535,0.00378,0.41296,0.1,0.6802679578388172,104.35279791608068,-278.71064867390197
106.0,0.07918,0.08055,0.09009,0.07824,0.08012,0.06500,0.07656,0.07663,0.08072,0.07860,0.07483,0.07847,0.08228,0.07085,0.07755,0.07188,0.07781,0.18656,0.18264,0.11994,0.17588,0.18422,0.16392,0.18459,0.20080,0.19017,0.19099,0.18061,0.20212,0.20909,0.22519,0.18443,0.16482,0.16563,0.03398,0.08395,0.35104,0.20370,0.30373,0.00378,0.41296,0.1,0.8114903543093194,107.15368129743227,-277.83616589181963
107.0,0.07918,0.08055,0.09009,0.07824,0.08012,0.07187,0.07656,0.07663,0.08072,0.07860,0.07483,0.07847,0.08228,0.07085,0.07755,0.07188,0.07781,0.18656,0.18264,0.11994,0.17588,0.18422,0.15072,0.18459,0.20080,0.19017,0.19099,0.18061,0.20212,0.20909,0.22519,0.18443,0.16482,0.16563,0.02661,0.07366,0.35104,0.20370,0.30373,0.00378,0.41296,0.1,0.7472761517439347,107.16294892950678,-277.5994904124058
108.0,0.07918,0.08055,0.10309,0.07824,0.08012,0.07187,0.07656,0.07663,0.08072,0.07860,0.07483,0.07847,0.08228,0.09259,0.07755,0.07188,0.07781,0.18656,0.18264,0.13076,0.17588,0.18422,0.15072,0.18459,0.20080,0.19017,0.19099,0.18061,0.20212,0.20909,0.23625,0.18443,0.16482,0.16563,0.30221,0.04434,0.08752,0.20370,0.30373,0.00378,0.41296,0.1,0.7472761517439347,105.53452966370446,-279.57238646757185
109.0,0.06322,0.06460,0.08714,0.06229,0.06416,0.05591,0.06061,0.06067,0.06476,0.06265,0.05888,0.06252,0.06633,0.04148,0.06159,0.05592,0.06185,0.17825,0.17434,0.12245,0.16757,0.17591,0.14241,0.17629,0.19249,0.18187,0.18269,0.17230,0.19381,0.20078,0.21353,0.17612,0.15651,0.15733,0.16723,0.04434,0.02711,0.05117,0.30373,0.18213,0.41296,0.1,0.6886736556230161,103.49330487347956,-283.65920357506843
110.0,0.06322,0.06460,0.08714,0.07555,0.06416,0.05591,0.06061,0.06067,0.06476,0.06265,0.05888,0.06252,0.06633,0.04148,0.06159,0.05592,0.06185,0.17825,0.17434,0.12245,0.19602,0.17591,0.14241,0.17629,0.19249,0.18187,0.18269,0.17230,0.19381,0.20078,0.21353,0.17612,0.15651,0.15733,0.14934,0.15523,0.00844,0.23734,0.49369,0.00796,0.19291,0.1,0.6886736556230161,102.28033661279865,-280.05925652759316
111.0,0.06322,0.06460,0.08714,0.07555,0.06416,0.05591,0.06061,0.06067,0.06476,0.06265,0.05888,0.06252,0.06633,0.04148,0.06159,0.05592,0.06185,0.17825,0.17434,0.12245,0.19602,0.17591,0.14241,0.17629,0.19249,0.18187,0.18269,0.17230,0.19381,0.20078,0.21353,0.17612,0.15651,0.15733,0.13401,0.04006,0.11717,0.07102,0.53484,0.00796,0.38147,0.1,0.6886736556230161,102.28033661279865,-279.5842537061123
112.0,0.06322,0.06460,0.06546,0.07555,0.06416,0.05591,0.06061,0.06067,0.06476,0.06265,0.05888,0.06252,0.06633,0.04148,0.06159,0.05592,0.06185,0.17825,0.17434,0.19987,0.19602,0.17591,0.14241,0.17629,0.19249,0.18187,0.18269,0.17230,0.19381,0.20078,0.21353,0.17612,0.15651,0.15733,0.13401,0.21620,0.11775,0.05318,0.53484,0.00796,0.38147,0.1,0.614851882944139,105.89844818567417,-281.8187338084082
113.0,0.06322,0.06460,0.06546,0.06903,0.06416,0.05591,0.06061,0.06067,0.06476,0.06265,0.05888,0.06252,0.06633,0.03928,0.06159,0.05592,0.06185,0.17825,0.17434,0.19987,0.24873,0.17591,0.14241,0.17629,0.19249,0.18187,0.18269,0.17230,0.19381,0.20078,0.24588,0.17612,0.15651,0.15733,0.13401,0.35648,0.11775,0.41124,0.43331,0.02369,0.38147,0.1,0.6287155782452819,99.84409482209603,-282.8754349244206
114.0,0.09507,0.09645,0.09731,0.10088,0.09601,0.08776,0.09245,0.09252,0.09661,0.09449,0.09073,0.09436,0.09817,0.07112,0.09344,0.08777,0.09370,0.14779,0.14387,0.16940,0.21826,0.14544,0.11194,0.14582,0.16202,0.15140,0.15222,0.14183,0.16335,0.17032,0.21542,0.14566,0.12605,0.12686,0.13401,0.35648,0.11775,0.18716,0.43331,0.02811,0.38147,0.1,0.7236591589411879,99.4341697117589,-280.5478029798029
115.0,0.09507,0.09645,0.09731,0.10088,0.09601,0.11237,0.09245,0.09252,0.09661,0.09449,0.09073,0.09436,0.09817,0.07760,0.09344,0.08777,0.09370,0.14779,0.14387,0.16940,0.21826,0.14544,0.13947,0.14582,0.16202,0.15140,0.15222,0.14183,0.16335,0.17032,0.21736,0.14566,0.12605,0.12686,0.10121,0.25593,0.11775,0.19864,0.43331,0.05751,0.25838,0.1,0.7620067800802732,100.87122399861897,-280.414961653647
116.0,0.09507,0.09645,0.09731,0.07507,0.09601,0.09021,0.09245,0.09252,0.09661,0.09449,0.09073,0.09436,0.09817,0.07414,0.09344,0.08777,0.09370,0.14779,0.14387,0.16940,0.16124,0.14544,0.17947,0.14582,0.16202,0.15140,0.15222,0.14183,0.16335,0.17032,0.15031,0.14566,0.12605,0.12686,0.10121,0.19571,0.11775,0.03494,0.43331,0.05751,0.20746,0.1,0.7620067800802732,107.0897297566363,-281.6715878155335
117.0,0.09507,0.09645,0.09731,0.07507,0.09601,0.09021,0.09245,0.09252,0.09661,0.09449,0.09073,0.09436,0.09817,0.07414,0.09344,0.08777,0.09370,0.14779,0.14387,0.16940,0.16124,0.14544,0.17947,0.14582,0.16202,0.15140,0.15222,0.14183,0.16335,0.17032,0.15031,0.14566,0.12605,0.12686,0.10626,0.19063,0.04841,0.23671,0.43331,0.00226,0.61262,0.1,0.7620067800802732,107.0897297566363,-279.5336480839245
118.0,0.09507,0.09645,0.09731,0.07507,0.09601,0.09854,0.09245,0.09252,0.08571,0.09449,0.09073,0.09436,0.09817,0.07414,0.09344,0.08777,0.09370,0.14779,0.14387,0.16940,0.16124,0.14544,0.14945,0.14582,0.16202,0.14328,0.15222,0.14183,0.16335,0.17032,0.15031,0.14566,0.12605,0.12686,0.10626,0.24479,0.04841,0.24649,0.43331,0.00226,0.48954,0.1,0.8119619946361349,108.17275495337725,-278.756636919415
119.0,0.09507,0.09645,0.09731,0.07507,0.09601,0.09854,0.09245,0.09252,0.08571,0.09449,0.09073,0.10018,0.09817,0.07414,0.09344,0.08777,0.09370,0.14779,0.14387,0.16940,0.16124,0.14544,0.14945,0.14582,0.16202,0.14328,0.15222,0.14183,0.16354,0.17032,0.15031,0.14566,0.12605,0.12686,0.13646,0.34166,0.04841,0.20647,0.48640,0.00226,0.48954,0.1,0.8119619946361349,107.84479752135562,-279.7568601441138
120.0,0.09507,0.09645,0.09731,0.07507,0.09601,0.09854,0.09245,0.09252,0.08571,0.09449,0.09073,0.10018,0.09817,0.07414,0.09344,0.08777,0.09370,0.14779,0.14387,0.16940,0.16124,0.14544,0.14945,0.14582,0.16202,0.14328,0.15222,0.14183,0.16354,0.17032,0.15031,0.14566,0.12605,0.12686,0.13646,0.16343,0.04841,0.08714,0.48640,0.00226,0.48954,0.1,0.8002494273850405,107.84479752135562,-279.62348943349235
121.0,0.09507,0.09645,0.10123,0.07507,0.09601,0.09854,0.09245,0.09252,0.08571,0.09449,0.09073,0.10018,0.10229,0.07414,0.09344,0.08777,0.09370,0.14779,0.14387,0.13204,0.16124,0.14544,0.14945,0.14582,0.16202,0.14328,0.15222,0.14183,0.16354,0.15358,0.15031,0.14566,0.12605,0.12686,0.16301,0.16343,0.35936,0.08714,0.36178,0.00226,0.48954,0.1,0.8002494273850405,109.06445012807964,-282.0337312149613
122.0,0.09507,0.09645,0.10123,0.07507,0.09601,0.09854,0.09245,0.09252,0.08571,0.09449,0.09073,0.10313,0.10229,0.07414,0.09344,0.08777,0.09370,0.14779,0.14387,0.13204,0.16124,0.14544,0.14945,0.14582,0.16202,0.14328,0.15222,0.14183,0.15517,0.15358,0.15031,0.14566,0.12605,0.12686,0.16301,0.16343,0.40066,0.02443,0.36178,0.00226,0.48954,0.1,0.8063553560540015,109.611899617599,-283.44494971868846
123.0,0.09507,0.09645,0.10123,0.07507,0.09601,0.09854,0.09245,0.09252,0.08571,0.09449,0.09073,0.10313,0.10229,0.07414,0.09344,0.08777,0.09370,0.14779,0.14387,0.13204,0.16124,0.14544,0.14945,0.14582,0.16202,0.14328,0.15222,0.14183,0.15517,0.15358,0.15031,0.14566,0.12605,0.12686,0.16301,0.16343,0.40066,0.29801,0.36178,0.00226,0.15939,0.1,0.8063553560540015,109.611899617599,-283.11550932434056
124.0,0.09507,0.09645,0.10123,0.09368,0.09601,0.09854,0.09245,0.09252,0.08571,0.09449,0.09073,0.10313,0.10229,0.07414,0.09106,0.08777,0.09370,0.14779,0.14387,0.13204,0.11977,0.14544,0.14945,0.14582,0.16202,0.14328,0.15222,0.14183,0.15517,0.15358,0.15031,0.14397,0.12605,0.12686,0.02085,0.03940,0.29340,0.00564,0.47578,0.00226,0.27162,0.1,0.8220593793976856,110.71360871403704,-278.7086529022656
125.0,0.09507,0.09645,0.08459,0.09368,0.09601,0.09854,0.09245,0.09252,0.08571,0.09449,0.09073,0.10313,0.10229,0.07414,0.09106,0.08777,0.09370,0.14779,0.14387,0.17357,0.11977,0.14544,0.14945,0.14582,0.16202,0.14328,0.15222,0.14183,0.15517,0.15358,0.15031,0.14397,0.12605,0.12686,0.02085,0.06100,0.15633,0.25298,0.53250,0.00226,0.17951,0.1,0.7772669045220109,109.62241702582452,-279.50537067417224
126.0,0.09477,0.09645,0.08459,0.09368,0.09601,0.09854,0.09245,0.09252,0.08571,0.09449,0.09073,0.10313,0.10229,0.07414,0.09106,0.08777,0.09370,0.14111,0.14387,0.17357,0.11977,0.14544,0.14945,0.14582,0.16202,0.14328,0.15222,0.14183,0.15517,0.15358,0.15031,0.14397,0.12605,0.12686,0.02085,0.15506,0.15633,0.17517,0.53250,0.00226,0.54207,0.1,0.7759725331129376,109.56829593429246,-279.25083166248714
127.0,0.09477,0.09645,0.09907,0.09368,0.09601,0.09854,0.09245,0.09252,0.08571,0.09449,0.09073,0.10313,0.10229,0.07414,0.09106,0.08777,0.09370,0.14111,0.14387,0.13322,0.11977,0.14544,0.14945,0.14582,0.16202,0.14328,0.15222,0.14183,0.15517,0.15358,0.15031,0.14397,0.12605,0.12686,0.02085,0.15506,0.18172,0.17517,0.41575,0.00226,0.54207,0.1,0.8347640113342099,110.73698038081409,-278.10819736334497
128.0,0.09477,0.09645,0.09907,0.09368,0.09601,0.09854,0.09245,0.09252,0.08571,0.09449,0.09073,0.10313,0.10229,0.07414,0.09106,0.08332,0.09370,0.14111,0.14387,0.13322,0.11977,0.14544,0.14945,0.14582,0.16202,0.14328,0.15222,0.14183,0.15517,0.15358,0.15031,0.14397,0.12236,0.12686,0.02085,0.11554,0.19833,0.17517,0.41008,0.08477,0.35830,0.1,0.7764543532555526,110.42920875288273,-278.7689900578903
129.0,0.09477,0.09645,0.09907,0.09368,0.09601,0.09854,0.09245,0.09252,0.09220,0.09449,0.09073,0.10313,0.10229,0.07414,0.09106,0.08332,0.09370,0.14111,0.14387,0.13322,0.11977,0.14544,0.14945,0.14582,0.16202,0.14107,0.15222,0.14183,0.15517,0.15358,0.15031,0.14397,0.12236,0.12686,0.02905,0.03656,0.14167,0.29481,0.53424,0.10692,0.35830,0.1,0.7764543532555526,110.28748246256164,-278.88053950966247
130.0,0.09477,0.09645,0.09907,0.09368,0.09601,0.09854,0.09245,0.09252,0.09220,0.09449,0.08264,0.10313,0.10229,0.07414,0.09106,0.08332,0.09370,0.14111,0.14387,0.13322,0.11977,0.14544,0.14945,0.14582,0.16202,0.14107,0.15222,0.14065,0.15517,0.15358,0.15031,0.14397,0.12236,0.12686,0.02905,0.06502,0.14167,0.24667,0.53424,0.10867,0.35830,0.1,0.7764543532555526,106.84386429161071,-278.90421880935384
131.0,0.09477,0.09645,0.09907,0.09430,0.09601,0.09854,0.09245,0.09252,0.09220,0.09449,0.08264,0.10313,0.10229,0.07414,0.09106,0.08332,0.09370,0.14111,0.14387,0.13322,0.14252,0.14544,0.14945,0.14582,0.16202,0.14107,0.15222,0.14065,0.15517,0.15358,0.15031,0.14397,0.12236,0.12686,0.02905,0.12304,0.14167,0.10519,0.67510,0.10867,0.35830,0.1,0.779305596763709,107.22119208293473,-280.13544114003247
132.0,0.09477,0.09645,0.09907,0.09430,0.09601,0.09854,0.09245,0.09252,0.09080,0.09449,0.08264,0.10313,0.10229,0.07414,0.09106,0.08332,0.09370,0.14111,0.14387,0.13322,0.14252,0.14544,0.14945,0.14582,0.16202,0.16544,0.15222,0.14065,0.15517,0.15358,0.15031,0.14397,0.12236,0.12686,0.02905,0.02192,0.14167,0.10998,0.49898,0.10867,0.35830,0.1,0.894585772723044,107.08926684984598,-279.4027650032092
133.0,0.09477,0.09645,0.09907,0.09430,0.09601,0.09854,0.09245,0.09252,0.09080,0.09449,0.08264,0.10313,0.10229,0.07414,0.09106,0.08332,0.09370,0.14111,0.14387,0.13322,0.14252,0.14544,0.14945,0.14582,0.16202,0.16544,0.15222,0.14065,0.15517,0.15358,0.15031,0.14397,0.12236,0.12686,0.02905,0.00523,0.25857,0.26057,0.12360,0.13973,0.35830,0.1,0.894585772723044,107.08926684984598,-280.79986662654846
134.0,0.09477,0.09645,0.09907,0.09430,0.09601,0.09854,0.09245,0.09252,0.09080,0.09449,0.08264,0.10313,0.10229,0.09011,0.09106,0.08332,0.09370,0.14111,0.14387,0.13322,0.14252,0.14544,0.14945,0.14582,0.16202,0.16544,0.15222,0.14065,0.15517,0.15358,0.15977,0.14397,0.12236,0.12686,0.01895,0.16238,0.32755,0.13872,0.04698,0.33731,0.51770,0.1,0.894585772723044,108.64262442786907,-287.26777355016986
135.0,0.09477,0.09645,0.09907,0.09430,0.09601,0.07885,0.09245,0.09252,0.09080,0.09449,0.08264,0.10313,0.10229,0.09011,0.09106,0.08332,0.09370,0.14111,0.14387,0.13322,0.14252,0.14544,0.17257,0.14582,0.16202,0.16544,0.15222,0.14065,0.15517,0.15358,0.15977,0.14397,0.12236,0.12686,0.01895,0.16238,0.32650,0.14038,0.06860,0.33731,0.55813,0.1,0.7487670517191611,107.5161746996278,-287.08772189158395
136.0,0.09477,0.09645,0.09907,0.09430,0.09601,0.09365,0.09245,0.09252,0.09080,0.09449,0.08264,0.10313,0.10229,0.09011,0.09106,0.09197,0.09370,0.14111,0.14387,0.13322,0.14252,0.14544,0.16708,0.14582,0.16202,0.16544,0.15222,0.14065,0.15517,0.15358,0.15977,0.14397,0.17242,0.12686,0.01895,0.11757,0.03306,0.18324,0.20352,0.33731,0.55813,0.1,0.8477887722100425,107.38743214470519,-283.6197945710762
137.0,0.09477,0.09645,0.09907,0.09430,0.09601,0.09365,0.09245,0.09252,0.09080,0.09449,0.11082,0.10313,0.10229,0.09011,0.09106,0.09197,0.09370,0.14111,0.14387,0.13322,0.14252,0.14544,0.16708,0.14582,0.16202,0.16544,0.15222,0.15468,0.15517,0.15358,0.15977,0.14397,0.17242,0.12686,0.01895,0.11757,0.03306,0.18324,0.20352,0.17494,0.55813,0.1,0.8477887722100425,110.59286465837657,-280.9878878218992
138.0,0.09477,0.09645,0.09907,0.09430,0.09601,0.09365,0.09245,0.09252,0.09080,0.09449,0.11082,0.10313,0.10229,0.09011,0.09106,0.09197,0.09370,0.14111,0.14387,0.13322,0.14252,0.14544,0.16708,0.14582,0.16202,0.16544,0.15222,0.15468,0.15517,0.15358,0.15977,0.14397,0.17242,0.12686,0.01895,0.11757,0.19282,0.18324,0.20352,0.16235,0.44175,0.1,0.8477887722100425,110.59286465837657,-280.9710087744818
139.0,0.09477,0.09645,0.09907,0.09430,0.09601,0.09365,0.09245,0.09252,0.09080,0.09449,0.11082,0.10313,0.10229,0.09011,0.09106,0.09197,0.09370,0.14111,0.14387,0.13322,0.14252,0.14544,0.16708,0.14582,0.16202,0.16544,0.15222,0.15468,0.15517,0.15358,0.15977,0.14397,0.17242,0.12686,0.13016,0.12188,0.16998,0.32451,0.23388,0.16235,0.14111,0.1,0.5899662012664084,110.59286465837657,-283.976814380854
140.0,0.08714,0.08882,0.09145,0.08668,0.08839,0.08603,0.08483,0.08490,0.08317,0.08687,0.10268,0.09551,0.09467,0.08249,0.08343,0.08434,0.08608,0.13557,0.13833,0.12768,0.13699,0.13991,0.16155,0.14028,0.15649,0.15990,0.14668,0.15959,0.14963,0.14804,0.15423,0.13843,0.16689,0.12132,0.13016,0.12188,0.02868,0.40758,0.23388,0.15082,0.79299,0.1,0.6183923325637579,111.47273745969434,-284.6961770989388
141.0,0.08714,0.08882,0.09145,0.08668,0.08839,0.08603,0.08483,0.08490,0.08317,0.08687,0.10268,0.09551,0.09467,0.08249,0.08343,0.08434,0.08608,0.13557,0.13833,0.12768,0.13699,0.13991,0.16155,0.14028,0.15649,0.15990,0.14668,0.15959,0.14963,0.14804,0.15423,0.13843,0.16689,0.12132,0.13016,0.12188,0.02868,0.40758,0.21071,0.07182,0.42472,0.1,0.533449572780413,111.47273745969434,-282.5794224234214
142.0,0.08714,0.08882,0.09145,0.08668,0.08839,0.08603,0.08483,0.08490,0.08317,0.08687,0.10268,0.09551,0.09467,0.08249,0.08343,0.07816,0.08151,0.13557,0.13833,0.12768,0.13699,0.13991,0.16155,0.14028,0.15649,0.15990,0.14668,0.15959,0.14963,0.14804,0.15423,0.13843,0.11495,0.12551,0.16393,0.20175,0.02868,0.40758,0.20402,0.07182,0.42472,0.1,0.533449572780413,112.529184858989,-283.0398829025369
143.0,0.08714,0.08882,0.09145,0.08668,0.08839,0.09075,0.08483,0.08490,0.08317,0.08687,0.10268,0.09551,0.09467,0.08249,0.08343,0.07816,0.08151,0.13557,0.13833,0.12768,0.13699,0.13991,0.16718,0.14028,0.15649,0.15990,0.14668,0.15959,0.14963,0.14804,0.15423,0.13843,0.11495,0.12551,0.16393,0.23726,0.02868,0.21747,0.61277,0.07182,0.42472,0.1,0.5815895090627647,112.13897109920855,-281.93252742326183
144.0,0.08714,0.08882,0.09145,0.08668,0.08839,0.09075,0.08483,0.08490,0.08317,0.08687,0.10268,0.09551,0.09467,0.08249,0.08343,0.07816,0.08151,0.13557,0.13833,0.12768,0.13699,0.13991,0.16718,0.14028,0.15649,0.15990,0.14668,0.15959,0.14963,0.14804,0.15423,0.13843,0.11495,0.12551,0.12538,0.23726,0.02868,0.21884,0.86372,0.07182,0.55373,0.1,0.5872605116899094,112.13897109920855,-284.07253216826206
145.0,0.08714,0.08882,0.09145,0.08668,0.08839,0.09075,0.08483,0.08490,0.08317,0.08687,0.10268,0.09551,0.09467,0.08249,0.08343,0.07816,0.08151,0.13557,0.13833,0.12768,0.13699,0.13991,0.16718,0.14028,0.15649,0.15990,0.14668,0.15959,0.14963,0.14804,0.15423,0.13843,0.11495,0.12551,0.12538,0.23726,0.02868,0.21884,0.26950,0.07182,0.55373,0.1,0.4958804632810614,112.13897109920855,-283.08245521254736
146.0,0.08714,0.08882,0.06572,0.08706,0.08839,0.09075,0.08483,0.08490,0.08317,0.08687,0.10268,0.09551,0.09467,0.08249,0.08343,0.07816,0.08151,0.13557,0.13833,0.13211,0.12726,0.13991,0.16718,0.14028,0.15649,0.15990,0.14668,0.15959,0.14963,0.14804,0.15423,0.13843,0.11495,0.12551,0.12538,0.23726,0.05913,0.37741,0.25742,0.07182,0.55373,0.1,0.4958804632810614,110.865052672778,-284.08736836306394
147.0,0.08714,0.08882,0.06572,0.08706,0.08839,0.09075,0.08483,0.08490,0.07568,0.08687,0.10268,0.09551,0.09467,0.08249,0.08343,0.07816,0.08151,0.13557,0.13833,0.13211,0.12726,0.13991,0.16718,0.14028,0.15649,0.15062,0.14668,0.15959,0.14963,0.14804,0.15423,0.13843,0.11495,0.12551,0.12538,0.23726,0.16561,0.37741,0.25742,0.07182,0.42915,0.1,0.4958804632810614,107.3939033895046,-284.6332282337458
148.0,0.08714,0.08882,0.09953,0.08706,0.08839,0.09075,0.08483,0.08490,0.07568,0.08687,0.10268,0.09551,0.09467,0.08249,0.08343,0.07816,0.10911,0.13557,0.13833,0.18540,0.12726,0.13991,0.16718,0.14028,0.15649,0.15062,0.14668,0.15959,0.14963,0.14804,0.15423,0.13843,0.11495,0.10792,0.12538,0.05805,0.25517,0.37741,0.48749,0.07182,0.42915,0.1,0.6792744006709762,102.37507590342341,-280.6952294471106
149.0,0.08714,0.08882,0.12911,0.08706,0.08839,0.09075,0.08483,0.08490,0.07568,0.08687,0.10268,0.09551,0.09467,0.08249,0.08343,0.07816,0.10911,0.13557,0.13833,0.12137,0.12726,0.13991,0.16718,0.14028,0.15649,0.15062,0.14668,0.15959,0.14963,0.14804,0.15423,0.13843,0.11495,0.10792,0.12538,0.08394,0.25517,0.29102,0.49121,0.07182,0.44940,0.1,0.6792744006709762,101.5258737946976,-279.78795075777055
150.0,0.08714,0.08882,0.12911,0.08706,0.08839,0.09424,0.08483,0.08490,0.07568,0.08687,0.10268,0.09551,0.09467,0.08249,0.08343,0.07816,0.10911,0.13557,0.13833,0.12137,0.12726,0.13991,0.16974,0.14028,0.15649,0.15062,0.14668,0.15959,0.14963,0.14804,0.15423,0.13843,0.11495,0.10792,0.12538,0.08394,0.25517,0.33587,0.32062,0.07182,0.44940,0.1,0.6684366817582126,101.23622795387547,-280.11891821237504
151.0,0.08825,0.08993,0.13293,0.08817,0.08949,0.10580,0.08594,0.08600,0.10050,0.08798,0.10378,0.09661,0.09578,0.08360,0.08454,0.07926,0.11021,0.12190,0.12467,0.10565,0.11359,0.12624,0.11575,0.12662,0.14282,0.12165,0.13302,0.14592,0.13596,0.13438,0.14056,0.12476,0.10128,0.09426,0.12538,0.08394,0.25517,0.33587,0.32062,0.07182,0.52411,0.1,0.6684366817582126,101.30919907418097,-281.1268724794114
152.0,0.08825,0.08993,0.13293,0.09745,0.08949,0.10580,0.08594,0.08623,0.10050,0.08798,0.10378,0.09661,0.09578,0.08360,0.08454,0.06820,0.11021,0.12190,0.12467,0.10565,0.10759,0.12624,0.11575,0.12662,0.12182,0.12165,0.13302,0.14592,0.13596,0.13438,0.14056,0.12476,0.09550,0.09426,0.12538,0.16105,0.09731,0.01451,0.34100,0.06635,0.52411,0.1,0.6684366817582126,101.47686043770689,-280.86560041568157
153.0,0.08825,0.08993,0.11533,0.09745,0.08949,0.10580,0.08594,0.08623,0.10050,0.08798,0.10378,0.09661,0.09578,0.08360,0.08454,0.06820,0.11021,0.12190,0.12467,0.13661,0.10759,0.12624,0.11575,0.12662,0.12182,0.12165,0.13302,0.14592,0.13596,0.13438,0.14056,0.12476,0.09550,0.09426,0.12538,0.16105,0.09731,0.22721,0.63513,0.06635,0.52411,0.1,0.8814766266473709,103.38012405341986,-280.4235493801813
154.0,0.08825,0.08993,0.11533,0.09745,0.08949,0.10580,0.08594,0.08623,0.10050,0.08798,0.10378,0.09661,0.09578,0.08360,0.08454,0.06820,0.11021,0.12190,0.12467,0.13661,0.10759,0.12624,0.11575,0.12662,0.12182,0.12165,0.13302,0.14592,0.13596,0.13438,0.14056,0.12476,0.09550,0.09426,0.12538,0.16105,0.17732,0.20442,0.53928,0.06635,0.52411,0.1,0.6693687426528256,103.38012405341986,-281.2495771362852
155.0,0.08825,0.08993,0.11533,0.09745,0.08949,0.06311,0.08594,0.08623,0.10050,0.08798,0.10378,0.09661,0.09578,0.08360,0.08454,0.06820,0.11212,0.12190,0.12467,0.13661,0.10759,0.12624,0.13333,0.12662,0.12182,0.12165,0.13302,0.14592,0.13596,0.13438,0.14056,0.12476,0.09550,0.13619,0.12538,0.16105,0.04008,0.20442,0.60381,0.06635,0.64084,0.1,0.6693687426528256,103.05466492558425,-281.7995220502487
156.0,0.08825,0.08993,0.11533,0.09745,0.08949,0.06311,0.08594,0.08623,0.10050,0.08798,0.10378,0.09740,0.09578,0.08360,0.08454,0.06820,0.11212,0.12190,0.12467,0.13661,0.10759,0.12624,0.13333,0.12662,0.12182,0.12165,0.13302,0.14592,0.12746,0.13438,0.14056,0.12476,0.09550,0.13619,0.02420,0.12971,0.04008,0.03821,0.60381,0.09701,0.64084,0.1,0.8536081265384601,102.4494510964562,-281.3848559929178
157.0,0.08825,0.08993,0.11533,0.09745,0.08949,0.06311,0.08594,0.08623,0.10050,0.08798,0.10378,0.09740,0.09578,0.09126,0.08454,0.10906,0.11212,0.12190,0.12467,0.13661,0.10759,0.12624,0.13333,0.12662,0.12182,0.12165,0.13302,0.14592,0.12746,0.13438,0.14834,0.12476,0.11028,0.13619,0.02420,0.12971,0.04008,0.25971,0.60381,0.09701,0.64084,0.1,0.8536081265384601,102.98221293959949,-282.0750656955647
158.0,0.08825,0.08993,0.11533,0.09745,0.08949,0.06311,0.08594,0.08623,0.10050,0.08798,0.10378,0.09740,0.09578,0.09126,0.08454,0.10906,0.11212,0.12190,0.12467,0.13661,0.10759,0.12624,0.13333,0.12662,0.12182,0.12165,0.13302,0.14592,0.12746,0.13438,0.14834,0.12476,0.11028,0.13619,0.02420,0.42530,0.04008,0.23696,0.60381,0.09200,0.62718,0.1,0.8536081265384601,102.98221293959949,-283.40720571581306
159.0,0.08825,0.08993,0.11533,0.09745,0.08949,0.06311,0.08594,0.08623,0.10050,0.08798,0.10378,0.09740,0.09578,0.09126,0.08454,0.10906,0.10988,0.12190,0.12467,0.13661,0.10759,0.12624,0.13333,0.12662,0.12182,0.12165,0.13302,0.14592,0.12746,0.13438,0.14834,0.12476,0.11028,0.09576,0.18426,0.42530,0.04008,0.32262,0.60381,0.09200,0.16175,0.1,0.853638905262844,102.26409548066185,-283.7206900555008
160.0,0.08825,0.08993,0.11533,0.09745,0.08949,0.06311,0.08594,0.08623,0.10050,0.11671,0.10378,0.09740,0.09578,0.09126,0.08454,0.10906,0.10988,0.12190,0.12467,0.13661,0.10759,0.12624,0.13333,0.12662,0.12182,0.12165,0.14094,0.14592,0.12746,0.13438,0.14834,0.12476,0.11028,0.09576,0.18426,0.42530,0.04008,0.32262,0.57599,0.05971,0.16175,0.1,0.853638905262844,101.70566280523975,-283.5472151726591
161.0,0.08825,0.08993,0.11533,0.09745,0.08949,0.06311,0.08594,0.08623,0.10050,0.11671,0.10378,0.09740,0.09578,0.09126,0.08454,0.10906,0.10988,0.12190,0.12467,0.13661,0.10759,0.12624,0.13333,0.12662,0.12182,0.12165,0.14094,0.14592,0.12746,0.13438,0.14834,0.12476,0.11028,0.09576,0.18426,0.16415,0.12666,0.26304,0.57599,0.01671,0.26086,0.1,0.6444964264841311,101.70566280523975,-282.1064255067036
162.0,0.08273,0.08441,0.05728,0.09193,0.08397,0.05759,0.08042,0.08071,0.09498,0.11119,0.09826,0.09188,0.09026,0.08574,0.07902,0.10354,0.10436,0.13150,0.13426,0.13740,0.11718,0.13583,0.14292,0.13621,0.13141,0.13124,0.15053,0.15551,0.13706,0.14397,0.15793,0.13435,0.11987,0.10536,0.24200,0.16415,0.22542,0.26304,0.14003,0.01671,0.47859,0.1,0.6444964264841311,100.57447322921703,-283.65164691089086
163.0,0.08273,0.08441,0.05728,0.09193,0.08397,0.07161,0.08042,0.08071,0.09498,0.08796,0.09826,0.09188,0.09026,0.08574,0.07902,0.10354,0.10436,0.13150,0.13426,0.13740,0.11718,0.13583,0.16838,0.13621,0.13141,0.13124,0.14996,0.15551,0.13706,0.14397,0.15793,0.13435,0.11987,0.10536,0.03843,0.27474,0.16794,0.26304,0.14003,0.01671,0.47859,0.1,0.6444964264841311,102.36274176499388,-282.8357551563084
164.0,0.08273,0.08441,0.05728,0.09193,0.08397,0.05918,0.08042,0.08071,0.09498,0.08796,0.09826,0.09188,0.09026,0.08574,0.07902,0.10354,0.10436,0.13150,0.13426,0.13740,0.11718,0.13583,0.13436,0.13621,0.13141,0.13124,0.14996,0.15551,0.13706,0.14397,0.15793,0.13435,0.11987,0.10536,0.16730,0.17709,0.16794,0.32452,0.14003,0.01671,0.47859,0.1,0.67937890204137,102.03465600087324,-282.2430904137187
165.0,0.08273,0.08441,0.05728,0.09193,0.08397,0.05918,0.08042,0.08071,0.09498,0.07997,0.09826,0.09188,0.09026,0.08574,0.07902,0.10354,0.10436,0.13150,0.13426,0.13740,0.11718,0.13583,0.13436,0.13621,0.13141,0.13124,0.15323,0.15551,0.13706,0.14397,0.15793,0.13435,0.11987,0.10536,0.16730,0.14727,0.24751,0.32452,0.06348,0.01671,0.47859,0.1,0.67937890204137,100.64457575852413,-283.9146317528278
166.0,0.08273,0.08441,0.06487,0.09193,0.08397,0.05918,0.08042,0.08071,0.09498,0.07997,0.09826,0.09188,0.09026,0.08574,0.07902,0.06114,0.05799,0.13150,0.13426,0.12234,0.11718,0.13583,0.13436,0.13621,0.13141,0.13124,0.15323,0.15551,0.13706,0.14397,0.15793,0.13435,0.15506,0.10274,0.16730,0.14727,0.14349,0.13284,0.07764,0.01671,0.38562,0.1,0.7153828113380989,102.18059387616815,-282.1082372715192
167.0,0.08273,0.08441,0.06487,0.09193,0.08397,0.05918,0.08042,0.08071,0.09498,0.07997,0.09826,0.09188,0.09026,0.08574,0.07902,0.06114,0.05799,0.13150,0.13426,0.12234,0.11718,0.13583,0.13436,0.13621,0.13141,0.13124,0.15323,0.15551,0.13706,0.14397,0.15793,0.13435,0.15506,0.10274,0.16730,0.11607,0.14349,0.13284,0.25945,0.01671,0.49880,0.1,0.6717396632371772,102.18059387616815,-280.414554582119
168.0,0.09784,0.09952,0.07998,0.10704,0.09908,0.07429,0.09553,0.09582,0.11009,0.09508,0.11337,0.10699,0.10537,0.10085,0.09413,0.07625,0.07310,0.14424,0.14700,0.13509,0.12992,0.14858,0.14711,0.14895,0.14416,0.14398,0.16598,0.16826,0.14980,0.15671,0.17067,0.14710,0.16780,0.11548,0.04754,0.18020,0.14349,0.13284,0.86294,0.01671,0.49880,0.1,0.6717396632371772,103.08465659973538,-281.2530305676097
169.0,0.09784,0.09952,0.07998,0.12036,0.09908,0.07429,0.09553,0.09582,0.11009,0.13581,0.11337,0.10699,0.10537,0.09180,0.09413,0.07625,0.09480,0.14424,0.14700,0.13509,0.14565,0.14858,0.14711,0.14895,0.14416,0.14398,0.18276,0.16826,0.14980,0.15671,0.13387,0.14710,0.16780,0.12257,0.04754,0.18020,0.02751,0.11786,0.44546,0.01671,0.44944,0.1,0.7458540067940245,102.53228336746122,-277.9424262385823
170.0,0.09784,0.09952,0.07998,0.12036,0.09908,0.08026,0.09553,0.09582,0.11009,0.08899,0.11337,0.10699,0.10537,0.09180,0.09413,0.07625,0.09480,0.14424,0.14700,0.13509,0.14565,0.14858,0.15764,0.14895,0.14416,0.14398,0.16620,0.16826,0.14980,0.15671,0.13387,0.14710,0.16780,0.12257,0.04754,0.13898,0.02751,0.18314,0.65990,0.01671,0.44944,0.1,0.8502615747305077,104.3302174607071,-278.3387747736364
171.0,0.09784,0.09952,0.07998,0.12036,0.09908,0.08026,0.09553,0.09582,0.11009,0.09596,0.11337,0.10699,0.10537,0.09180,0.09413,0.07625,0.09480,0.14424,0.14700,0.13509,0.14565,0.14858,0.15764,0.14895,0.14416,0.14398,0.13207,0.16826,0.14980,0.15671,0.13387,0.14710,0.16780,0.12257,0.04754,0.13898,0.02751,0.02389,0.65990,0.01671,0.56512,0.1,0.8502615747305077,105.10221422719823,-279.7030066933514
172.0,0.09784,0.09952,0.07998,0.12036,0.09908,0.08026,0.09553,0.09582,0.11009,0.09596,0.11337,0.10699,0.10537,0.09180,0.09413,0.07625,0.09480,0.14424,0.14700,0.13509,0.14565,0.14858,0.15764,0.14895,0.14416,0.14398,0.13207,0.16826,0.14980,0.15671,0.13387,0.14710,0.16780,0.12257,0.31645,0.13898,0.02751,0.02389,0.59873,0.01671,0.56512,0.1,0.8502615747305077,105.10221422719823,-282.30448513990694
173.0,0.09096,0.09264,0.07310,0.11348,0.09218,0.07338,0.08865,0.08894,0.10321,0.08908,0.10649,0.10011,0.09849,0.08492,0.08725,0.06937,0.08792,0.14509,0.14785,0.13593,0.14650,0.14874,0.15848,0.14980,0.14500,0.14483,0.13292,0.16910,0.15065,0.15756,0.13472,0.14794,0.16865,0.12342,0.16353,0.22469,0.02751,0.04179,0.41452,0.17470,0.62204,0.1,0.8502615747305077,105.07454964635438,-282.30588075877637
174.0,0.09096,0.09264,0.07310,0.11348,0.09218,0.07338,0.08865,0.08894,0.10321,0.08908,0.10649,0.10011,0.09849,0.08492,0.08725,0.06937,0.08792,0.14509,0.14785,0.13593,0.14650,0.14874,0.15848,0.14980,0.14500,0.14483,0.13292,0.16910,0.15065,0.15756,0.13472,0.14794,0.16865,0.12342,0.02918,0.15519,0.17899,0.04179,0.40662,0.11357,0.43932,0.1,0.8502615747305077,105.07454964635438,-280.4160168389629
175.0,0.09096,0.09264,0.07800,0.11348,0.09218,0.07338,0.08865,0.08894,0.10321,0.10663,0.10649,0.09780,0.09849,0.08492,0.08725,0.06937,0.08792,0.14509,0.14785,0.13147,0.14650,0.14874,0.15848,0.14980,0.14500,0.14483,0.14483,0.16910,0.16248,0.15756,0.13472,0.14794,0.16865,0.12342,0.02918,0.08924,0.45258,0.39246,0.40662,0.15766,0.23321,0.1,0.8502615747305077,107.65613174969529,-283.4222184307669
176.0,0.09096,0.09264,0.07800,0.11348,0.09218,0.08292,0.08865,0.08894,0.10321,0.10663,0.10649,0.09780,0.09849,0.08492,0.08725,0.06231,0.08792,0.14509,0.14785,0.13147,0.14650,0.14874,0.12137,0.14980,0.14500,0.14483,0.14483,0.16910,0.16248,0.15756,0.13472,0.14794,0.15241,0.12342,0.02462,0.17422,0.18567,0.04757,0.40662,0.04469,0.23321,0.1,0.8502615747305077,106.95919304624347,-279.1104217621693
177.0,0.09096,0.09264,0.07800,0.11348,0.09218,0.08292,0.08865,0.08894,0.10321,0.10663,0.10649,0.09780,0.09849,0.08492,0.08725,0.06231,0.08792,0.14509,0.14785,0.13147,0.14650,0.14874,0.12137,0.14980,0.14500,0.14483,0.14483,0.16910,0.16248,0.15756,0.13472,0.14794,0.15241,0.12342,0.02462,0.09475,0.18567,0.13698,0.40662,0.08872,0.26851,0.1,0.8502615747305077,106.95919304624347,-278.73132928748555
178.0,0.09096,0.09264,0.07800,0.11348,0.09218,0.08292,0.08865,0.08894,0.10321,0.10663,0.10649,0.09780,0.09849,0.10231,0.08725,0.10672,0.08792,0.14509,0.14785,0.13147,0.14650,0.14874,0.12137,0.14980,0.14500,0.14483,0.14483,0.16910,0.16248,0.15756,0.15860,0.14794,0.14886,0.12342,0.07769,0.09475,0.18567,0.13698,0.31815,0.08872,0.19989,0.1,0.8360830495657248,108.1785422136965,-280.27203355038887
179.0,0.09096,0.09264,0.07800,0.11348,0.09218,0.08292,0.08865,0.08894,0.10321,0.10663,0.10649,0.09780,0.09849,0.10231,0.08725,0.11159,0.08864,0.14509,0.14785,0.13147,0.14650,0.14874,0.12137,0.14980,0.14500,0.14483,0.14483,0.16910,0.16248,0.15756,0.15860,0.14794,0.16395,0.14248,0.13934,0.09475,0.05329,0.31348,0.31815,0.08872,0.59166,0.1,0.8360830495657248,107.77118642728853,-281.0739964699614
180.0,0.09096,0.09264,0.07800,0.11348,0.09218,0.08292,0.08865,0.08894,0.10577,0.10663,0.10649,0.09780,0.09849,0.10231,0.08725,0.08124,0.08864,0.14509,0.14785,0.13147,0.14650,0.14874,0.12137,0.14980,0.14500,0.16973,0.14483,0.16910,0.16248,0.15756,0.15860,0.14794,0.18633,0.14248,0.13934,0.12607,0.05329,0.31348,0.58751,0.08872,0.59166,0.1,0.8290793241217755,106.89543697899693,-280.65784868169493
181.0,0.09096,0.09264,0.11478,0.11348,0.09218,0.08292,0.08865,0.08894,0.10577,0.09130,0.10649,0.09780,0.09849,0.08442,0.08725,0.08124,0.08864,0.14509,0.14785,0.11522,0.14650,0.14874,0.12137,0.14980,0.14500,0.16973,0.18007,0.16910,0.16248,0.15756,0.17424,0.14794,0.18633,0.14248,0.13934,0.11257,0.05329,0.15474,0.58751,0.08872,0.59166,0.1,0.8290793241217755,104.35051382508755,-278.9899647263036
182.0,0.09096,0.09264,0.11478,0.11348,0.09218,0.08813,0.08865,0.08894,0.10577,0.09130,0.10649,0.09780,0.09849,0.08442,0.08725,0.08124,0.08864,0.14509,0.14785,0.11522,0.14650,0.14874,0.16041,0.14980,0.14500,0.16973,0.18007,0.16910,0.16248,0.15756,0.17424,0.14794,0.18633,0.14248,0.13934,0.14156,0.05329,0.15474,0.52447,0.11588,0.61437,0.1,0.8290793241217755,104.7776268990221,-279.8704890387168
183.0,0.09096,0.09264,0.11478,0.11348,0.09218,0.08813,0.08865,0.08894,0.10577,0.09130,0.10649,0.09780,0.09849,0.08442,0.08725,0.08124,0.08864,0.14509,0.14785,0.11522,0.14650,0.14874,0.16041,0.14980,0.14500,0.16973,0.18007,0.16910,0.16248,0.15756,0.17424,0.14794,0.18633,0.14248,0.13934,0.15170,0.05329,0.30574,0.37531,0.11588,0.63153,0.1,0.8290793241217755,104.7776268990221,-280.07990723061675
184.0,0.09096,0.09264,0.08477,0.11348,0.09218,0.08813,0.08865,0.08894,0.10577,0.09130,0.10649,0.09780,0.09849,0.08442,0.08725,0.08124,0.08864,0.14509,0.14785,0.13889,0.14650,0.14874,0.16041,0.14980,0.14500,0.16973,0.18007,0.16910,0.16248,0.15756,0.17424,0.14794,0.18633,0.14248,0.13934,0.23659,0.05329,0.30574,0.15134,0.04607,0.28162,0.1,0.7864414910939799,106.7190226286538,-280.6130487226156
185.0,0.09096,0.09264,0.08477,0.09642,0.09218,0.08813,0.08865,0.08894,0.10577,0.09130,0.10649,0.09780,0.09849,0.08442,0.08725,0.08124,0.08249,0.14509,0.14785,0.13889,0.18752,0.14874,0.16041,0.14980,0.14500,0.16973,0.18007,0.16910,0.16248,0.15756,0.17424,0.14794,0.18633,0.14674,0.13934,0.24886,0.07518,0.30574,0.40142,0.01588,0.28162,0.1,0.7864414910939799,106.34195147234136,-280.0515950561306
186.0,0.09096,0.09264,0.10364,0.09642,0.09218,0.08813,0.08865,0.08894,0.10577,0.09130,0.10649,0.09780,0.09849,0.08442,0.08725,0.08124,0.08249,0.14509,0.14785,0.11301,0.18752,0.14874,0.16041,0.14980,0.14500,0.16973,0.18007,0.16910,0.16248,0.15756,0.17424,0.14794,0.18633,0.14674,0.13139,0.41735,0.07518,0.54219,0.40142,0.01588,0.51421,0.1,0.7864414910939799,104.80305361813492,-281.6635012364337
187.0,0.09900,0.10068,0.10446,0.10446,0.10022,0.09617,0.09668,0.08932,0.09186,0.09933,0.11453,0.10584,0.10652,0.09246,0.09529,0.08928,0.09053,0.12489,0.12765,0.11463,0.16732,0.12854,0.14021,0.12960,0.13068,0.14565,0.15987,0.14890,0.14228,0.13736,0.15404,0.12774,0.16613,0.12653,0.13139,0.08405,0.07518,0.26559,0.46075,0.08198,0.66818,0.1,0.7864414910939799,107.66268739529517,-281.34719632973656
188.0,0.07120,0.07288,0.07666,0.07665,0.07241,0.06836,0.06888,0.06152,0.06406,0.07153,0.08673,0.07804,0.07872,0.06466,0.06748,0.06148,0.06273,0.12836,0.13113,0.11811,0.17080,0.13202,0.14369,0.13308,0.13416,0.14913,0.16335,0.15238,0.14576,0.14083,0.15752,0.13122,0.16961,0.13001,0.13139,0.10389,0.07518,0.34578,0.43060,0.08198,0.57891,0.1,0.8859154437102441,108.70001734709786,-280.8593816220702
189.0,0.07120,0.07288,0.07666,0.07665,0.07241,0.06836,0.06888,0.06152,0.06406,0.07997,0.08673,0.07804,0.08097,0.06466,0.06748,0.06148,0.06273,0.12836,0.13113,0.11811,0.17080,0.13202,0.14369,0.13308,0.13416,0.14913,0.15238,0.15238,0.14576,0.12021,0.15752,0.13122,0.16961,0.13001,0.19428,0.05077,0.07518,0.34578,0.30439,0.08198,0.51706,0.1,0.8825470455625244,104.31960349969448,-282.5421164607804
190.0,0.07120,0.07288,0.07666,0.10450,0.07241,0.06836,0.06888,0.06152,0.06406,0.07997,0.08673,0.07804,0.08097,0.06466,0.06748,0.06148,0.06273,0.12836,0.13113,0.11811,0.13253,0.13202,0.14369,0.13308,0.13416,0.14913,0.15238,0.15238,0.14576,0.12021,0.15752,0.13122,0.16961,0.13001,0.19428,0.11556,0.15043,0.18314,0.28873,0.08198,0.51706,0.1,0.7273185647344669,103.18756447079352,-281.4702606439607
191.0,0.07120,0.07288,0.07666,0.10450,0.07241,0.06836,0.06888,0.06152,0.06406,0.07997,0.08673,0.07804,0.08097,0.05792,0.06748,0.06148,0.06273,0.12836,0.13113,0.11811,0.13253,0.13202,0.14369,0.13308,0.13416,0.14913,0.15238,0.15238,0.14576,0.12021,0.17209,0.13122,0.16961,0.13001,0.19428,0.01455,0.23400,0.18314,0.28492,0.08198,0.51706,0.1,0.8851997220222045,102.0091832152842,-280.97856241603864
192.0,0.07120,0.07288,0.07666,0.10450,0.07241,0.06836,0.06888,0.06121,0.06406,0.07997,0.08673,0.07804,0.08097,0.05792,0.06748,0.06148,0.06273,0.12836,0.13113,0.11811,0.13253,0.13202,0.14369,0.13308,0.14472,0.14913,0.15238,0.15238,0.14576,0.12021,0.17209,0.13122,0.16961,0.13001,0.19428,0.01455,0.24703,0.40727,0.41856,0.08198,0.51706,0.1,0.8851997220222045,102.4497038731824,-281.0675458215686
193.0,0.07120,0.07288,0.07666,0.06256,0.07241,0.06836,0.06888,0.06121,0.06406,0.07997,0.08673,0.07804,0.08097,0.05792,0.06748,0.06148,0.06273,0.12836,0.13113,0.11811,0.15453,0.13202,0.14369,0.13308,0.14472,0.14913,0.15238,0.15238,0.14576,0.12021,0.17209,0.13122,0.16961,0.13001,0.19428,0.11512,0.28688,0.52710,0.56944,0.08198,0.51706,0.1,0.8851997220222045,104.46968182584149,-283.668436486392
194.0,0.07120,0.07288,0.07666,0.06256,0.07241,0.06836,0.06888,0.06121,0.06406,0.07997,0.06820,0.07804,0.08097,0.05792,0.06748,0.06148,0.06273,0.12836,0.13113,0.11811,0.15453,0.13202,0.14369,0.13308,0.14472,0.14913,0.15238,0.12080,0.14576,0.12021,0.17209,0.13122,0.16961,0.13001,0.09600,0.11512,0.53105,0.52710,0.58033,0.08198,0.52445,0.1,0.7506337071009359,104.8916550571523,-285.60024822515237
195.0,0.07120,0.07288,0.07666,0.06019,0.07241,0.06836,0.06888,0.06121,0.06406,0.06479,0.06820,0.07804,0.08097,0.05792,0.06748,0.06148,0.06273,0.12836,0.13113,0.11811,0.09381,0.13202,0.14369,0.13308,0.14472,0.14913,0.18066,0.12080,0.14576,0.12021,0.17209,0.13122,0.16961,0.13001,0.11578,0.47148,0.18591,0.30642,0.74306,0.02210,0.52445,0.1,0.7725915813029653,102.43374527786573,-283.53464810338886
196.0,0.07120,0.07288,0.07666,0.06987,0.07241,0.06836,0.06888,0.06121,0.06406,0.06479,0.06820,0.07804,0.08097,0.05792,0.06748,0.06676,0.06273,0.12836,0.13113,0.11811,0.11770,0.13202,0.14369,0.13308,0.14472,0.14913,0.18066,0.12080,0.14576,0.12021,0.17209,0.13122,0.12614,0.13001,0.11578,0.36769,0.04175,0.52194,0.59832,0.02210,0.52445,0.1,0.7725915813029653,106.91873657718747,-280.6747413347034
197.0,0.07120,0.07288,0.07666,0.06987,0.07241,0.06836,0.06888,0.06121,0.06406,0.06479,0.06820,0.07804,0.08097,0.05792,0.06748,0.06676,0.06273,0.12836,0.13113,0.11811,0.11770,0.13202,0.14369,0.13308,0.14472,0.14913,0.18066,0.12080,0.14576,0.12021,0.17209,0.13122,0.12614,0.13001,0.11578,0.36769,0.04175,0.10091,0.59832,0.02210,0.52445,0.1,0.7725915813029653,106.91873657718747,-280.203523505711
198.0,0.07120,0.07288,0.07666,0.06987,0.07241,0.06836,0.06888,0.06121,0.06406,0.06479,0.06820,0.07804,0.08097,0.05792,0.06748,0.06676,0.06273,0.12836,0.13113,0.11811,0.11770,0.13202,0.14369,0.13308,0.14472,0.14913,0.18066,0.12080,0.14576,0.12021,0.17209,0.13122,0.12614,0.13001,0.11578,0.17217,0.04175,0.01418,0.54037,0.02210,0.29648,0.1,0.7725915813029653,106.91873657718747,-280.3956730893651
199.0,0.07120,0.07288,0.08927,0.06987,0.07241,0.08745,0.06888,0.06121,0.06406,0.06479,0.06820,0.07804,0.08097,0.05792,0.06748,0.06676,0.06273,0.12836,0.13113,0.13763,0.11770,0.13202,0.12773,0.13308,0.14472,0.14913,0.18066,0.12080,0.14576,0.12021,0.17209,0.13122,0.12614,0.13001,0.11578,0.01166,0.17781,0.65840,0.54037,0.02210,0.56020,0.1,0.7725915813029653,104.87634384440993,-281.31561915849306
200.0,0.07120,0.07288,0.07503,0.06987,0.07241,0.08745,0.06888,0.06121,0.06406,0.06479,0.06820,0.07556,0.08097,0.05792,0.06748,0.06676,0.06273,0.12836,0.13113,0.12769,0.11770,0.13202,0.12773,0.13308,0.14472,0.14913,0.18066,0.12080,0.13776,0.12021,0.17209,0.13122,0.12614,0.13001,0.11578,0.13170,0.17781,0.03468,0.40247,0.13582,0.27528,0.1,0.7856642353308377,108.30336556237856,-282.53490554385445
